LTER_site,local_site,year,date,time,pH,cond,ANC,acid,alkal,H+,NH4+,Ca++,Mg++,Na+,K+,Cl-,NO3-,SO4--,PO4---,Si,cat_sum,an_sum,chg_bal,TN,TDN,PN,DON,IN,TP,TDP,PP,DOP,IP,d18O,d18O_sdev,dDeut,dD_sdev,D_excess,Trit,T_sdev,TOC,DOC,POC,comments
NWT,GREEN LAKE 1,1985,1985-06-06,DNS,6.52,39.3,270.44,NP,NP,0.3,NP,213.07,49.36,45.24,11.51,6.77,16.8817,109.305,NP,31.616,NP,NP,NP,NP,NP,NP,NP,NP,NP,NP,NP,NP,NP,NP,NP,NP,NP,NP,NP,NP,NP,NP,NP,NA
NWT,GREEN LAKE 1,1985,1985-06-06,DNS,6.86,43.5,295.02,NP,NP,0.14,NP,263.47,30.44,40.89,9.97,3.949,17.0293,102.018,NP,31.283,NP,NP,NP,NP,NP,NP,NP,NP,NP,NP,NP,NP,NP,NP,NP,NP,NP,NP,NP,NP,NP,NP,NP,NA
NWT,GREEN LAKE 1,1985,1985-06-13,DNS,6.77,42.2,274.7,NP,NP,0.17,NP,232.53,27.97,33.06,8.69,4.231,17.8488,101.185,NP,35.942,NP,NP,NP,NP,NP,NP,NP,NP,NP,NP,NP,NP,NP,NP,NP,NP,NP,NP,NP,NP,NP,NP,NP,NA
NWT,GREEN LAKE 1,1985,1985-06-20,DNS,6.6,37.5,265.68,NP,NP,0.25,NP,230.54,26.32,34.37,8.18,4.796,15.8654,99.936,NP,62.899,NP,NP,NP,NP,NP,NP,NP,NP,NP,NP,NP,NP,NP,NP,NP,NP,NP,NP,NP,NP,NP,NP,NP,NA
NWT,GREEN LAKE 1,1985,1985-06-27,DNS,6.32,38.1,232.74,NP,NP,0.48,NP,211.58,25.5,33.06,7.67,5.36,17.7996,103.475,NP,35.277,NP,NP,NP,NP,NP,NP,NP,NP,NP,NP,NP,NP,NP,NP,NP,NP,NP,NP,NP,NP,NP,NP,NP,NA
NWT,GREEN LAKE 1,1985,1985-07-02,DNS,6.27,40.7,218.81,NP,NP,0.54,NP,208.08,26.32,35.67,9.46,6.206,14.997,96.605,NP,33.446,NP,NP,NP,NP,NP,NP,NP,NP,NP,NP,NP,NP,NP,NP,NP,NP,NP,NP,NP,NP,NP,NP,NP,NA
NWT,GREEN LAKE 1,1985,1985-07-04,DNS,6.21,39.1,247.82,NP,NP,0.62,NP,197.1,23.86,28.71,6.65,4.796,10.8829,89.526,NP,31.949,NP,NP,NP,NP,NP,NP,NP,NP,NP,NP,NP,NP,NP,NP,NP,NP,NP,NP,NP,NP,NP,NP,NP,NA
NWT,GREEN LAKE 1,1985,1985-07-08,DNS,6.68,40.6,267.16,NP,NP,0.21,NP,213.57,27.97,36.54,9.46,5.642,13.6855,98.479,NP,41.766,NP,NP,NP,NP,NP,NP,NP,NP,NP,NP,NP,NP,NP,NP,NP,NP,NP,NP,NP,NP,NP,NP,NP,NA
NWT,GREEN LAKE 1,1985,1985-07-11,DNS,6.52,40.8,258.96,NP,NP,0.3,NP,219.06,27.15,34.8,8.69,3.949,15.3574,101.602,NP,30.784,NP,NP,NP,NP,NP,NP,NP,NP,NP,NP,NP,NP,NP,NP,NP,NP,NP,NP,NP,NP,NP,NP,NP,NA
NWT,GREEN LAKE 1,1985,1985-07-16,DNS,6.58,40.8,268.3,NP,NP,0.26,NP,224.55,27.97,35.23,8.44,4.796,11.5385,95.772,NP,30.95,NP,NP,NP,NP,NP,NP,NP,NP,NP,NP,NP,NP,NP,NP,NP,NP,NP,NP,NP,NP,NP,NP,NP,NA
NWT,GREEN LAKE 1,1985,1985-07-18,DNS,6.45,43.2,257.81,NP,NP,0.35,NP,223.55,26.32,43.06,11.25,12.977,10.5388,101.81,NP,27.955,NP,NP,NP,NP,NP,NP,NP,NP,NP,NP,NP,NP,NP,NP,NP,NP,NP,NP,NP,NP,NP,NP,NP,NA
NWT,GREEN LAKE 1,1985,1985-07-22,DNS,6.6,42.7,266.67,NP,NP,0.25,NP,222.06,27.97,36.1,8.95,4.514,15.5868,112.844,NP,33.779,NP,NP,NP,NP,NP,NP,NP,NP,NP,NP,NP,NP,NP,NP,NP,NP,NP,NP,NP,NP,NP,NP,NP,NA
NWT,GREEN LAKE 1,1985,1985-07-25,DNS,6.63,41.6,265.68,NP,NP,0.23,NP,220.06,27.15,38.72,11.25,5.078,12.0957,101.81,NP,31.782,NP,NP,NP,NP,NP,NP,NP,NP,NP,NP,NP,NP,NP,NP,NP,NP,NP,NP,NP,NP,NP,NP,NP,NA
NWT,GREEN LAKE 1,1985,1985-07-29,DNS,6.64,41.7,261.75,NP,NP,0.23,NP,235.53,28.79,40.02,9.97,3.949,11.3091,100.561,NP,50.419,NP,NP,NP,NP,NP,NP,NP,NP,NP,NP,NP,NP,NP,NP,NP,NP,NP,NP,NP,NP,NP,NP,NP,NA
NWT,GREEN LAKE 1,1985,1985-08-01,DNS,6.87,43.6,263.72,NP,NP,0.13,NP,225.05,29.61,42.63,12.02,7.899,11.1123,87.652,NP,46.925,NP,NP,NP,NP,NP,NP,NP,NP,NP,NP,NP,NP,NP,NP,NP,NP,NP,NP,NP,NP,NP,NP,NP,NA
NWT,GREEN LAKE 1,1985,1985-08-08,DNS,6.62,44.8,274.7,NP,NP,0.24,NP,231.04,30.44,42.63,12.79,6.206,14.7018,93.69,NP,56.077,NP,NP,NP,NP,NP,NP,NP,NP,NP,NP,NP,NP,NP,NP,NP,NP,NP,NP,NP,NP,NP,NP,NP,NA
NWT,GREEN LAKE 1,1985,1985-08-15,DNS,7.11,42.2,283.71,NP,NP,0.08,NP,228.04,27.97,43.06,11,8.181,11.3091,87.444,NP,36.608,NP,NP,NP,NP,NP,NP,NP,NP,NP,NP,NP,NP,NP,NP,NP,NP,NP,NP,NP,NP,NP,NP,NP,NA
NWT,GREEN LAKE 1,1985,1985-08-22,DNS,6.66,42.4,275.68,NP,NP,0.22,NP,230.04,30.44,40.89,8.95,3.667,10.3749,120.964,NP,31.117,NP,NP,NP,NP,NP,NP,NP,NP,NP,NP,NP,NP,NP,NP,NP,NP,NP,NP,NP,NP,NP,NP,NP,NA
NWT,GREEN LAKE 1,1985,1985-08-29,DNS,6.96,43.8,317.64,NP,NP,0.11,NP,236.53,28.79,44.37,9.97,8.463,8.26051,123.254,NP,44.762,NP,NP,NP,NP,NP,NP,NP,NP,NP,NP,NP,NP,NP,NP,NP,NP,NP,NP,NP,NP,NP,NP,NP,NA
NWT,GREEN LAKE 1,1985,1985-09-05,DNS,6.47,43.8,281.74,NP,NP,0.34,NP,232.53,27.97,41.32,10.48,5.078,10.6698,121.589,NP,46.925,NP,NP,NP,NP,NP,NP,NP,NP,NP,NP,NP,NP,NP,NP,NP,NP,NP,NP,NP,NP,NP,NP,NP,NA
NWT,GREEN LAKE 1,1985,1985-09-12,DNS,6.8,44.5,285.68,NP,NP,0.16,NP,218.06,29.61,42.2,10.48,5.078,10.9321,138.037,NP,40.602,NP,NP,NP,NP,NP,NP,NP,NP,NP,NP,NP,NP,NP,NP,NP,NP,NP,NP,NP,NP,NP,NP,NP,NA
NWT,GREEN LAKE 1,1985,1985-09-19,DNS,6.88,43.6,297.64,NP,NP,0.13,NP,220.06,29.61,44.8,10.48,7.053,6.8346,149.279,NP,39.437,NP,NP,NP,NP,NP,NP,NP,NP,NP,NP,NP,NP,NP,NP,NP,NP,NP,NP,NP,NP,NP,NP,NP,NA
NWT,GREEN LAKE 1,1985,1985-09-26,DNS,6.58,43.8,289.61,NP,NP,0.26,NP,224.05,31.26,40.46,9.46,3.385,11.3909,133.664,NP,39.437,NP,NP,NP,NP,NP,NP,NP,NP,NP,NP,NP,NP,NP,NP,NP,NP,NP,NP,NP,NP,NP,NP,NP,NA
NWT,GREEN LAKE 1,1985,1985-10-03,DNS,6.78,44.2,299.94,NP,NP,0.17,NP,232.04,32.08,42.63,9.72,5.36,6.37579,133.664,NP,39.27,NP,NP,NP,NP,NP,NP,NP,NP,NP,NP,NP,NP,NP,NP,NP,NP,NP,NP,NP,NP,NP,NP,NP,NA
NWT,GREEN LAKE 1,1985,1985-10-13,DNS,6.78,47,315.67,NP,NP,0.17,NP,237.03,31.26,43.94,9.97,4.231,6.75279,136.996,NP,42.765,NP,NP,NP,NP,NP,NP,NP,NP,NP,NP,NP,NP,NP,NP,NP,NP,NP,NP,NP,NP,NP,NP,NP,NA
NWT,GREEN LAKE 1,1985,1985-10-17,DNS,6.63,44.9,309.61,NP,NP,0.23,NP,233.03,30.44,41.76,10.48,7.053,6.80172,200.913,NP,40.435,NP,NP,NP,NP,NP,NP,NP,NP,NP,NP,NP,NP,NP,NP,NP,NP,NP,NP,NP,NP,NP,NP,NP,NA
NWT,GREEN LAKE 1,1986,1986-06-19,DNS,6.85,38,270.76,NP,NP,0.14,NP,251.5,28.79,36.1,12.27,5.078,22.946,130.541,NP,52.083,NP,NP,NP,NP,NP,NP,NP,NP,NP,NP,NP,NP,NP,NP,NP,NP,NP,NP,NP,NP,NP,NP,NP,NA
NWT,GREEN LAKE 1,1986,1986-06-26,DNS,6.35,38.1,253.72,NP,NP,0.45,NP,301.4,27.97,37.41,10.23,5.36,19.4057,121.797,NP,32.115,NP,NP,NP,NP,NP,NP,NP,NP,NP,NP,NP,NP,NP,NP,NP,NP,NP,NP,NP,NP,NP,NP,NP,NA
NWT,GREEN LAKE 1,1986,1986-07-03,DNS,6.73,36.8,243.72,NP,NP,0.19,NP,292.91,24.68,41.76,11,3.385,17.2587,112.636,NP,30.618,NP,NP,NP,NP,NP,NP,NP,NP,NP,NP,NP,NP,NP,NP,NP,NP,NP,NP,NP,NP,NP,NP,NP,NA
NWT,GREEN LAKE 1,1986,1986-07-10,DNS,6.76,34.8,243.72,NP,NP,0.17,NP,317.86,24.68,33.06,12.79,2.257,13.9644,105.349,NP,33.28,NP,NP,NP,NP,NP,NP,NP,NP,NP,NP,NP,NP,NP,NP,NP,NP,NP,NP,NP,NP,NP,NP,NP,NA
NWT,GREEN LAKE 1,1986,1986-07-17,DNS,6.52,34.3,239.79,NP,NP,0.3,NP,354.79,9.05,31.75,32.47,3.385,11.9155,100.144,NP,42.765,NP,NP,NP,NP,NP,NP,NP,NP,NP,NP,NP,NP,NP,NP,NP,NP,NP,NP,NP,NP,NP,NP,NP,NA
NWT,GREEN LAKE 1,1986,1986-07-24,DNS,6.52,33.2,231.75,NP,NP,0.3,NP,332.33,23.03,35.67,19.18,5.642,10.3749,97.438,NP,27.456,NP,NP,NP,NP,NP,NP,NP,NP,NP,NP,NP,NP,NP,NP,NP,NP,NP,NP,NP,NP,NP,NP,NP,NA
NWT,GREEN LAKE 1,1986,1986-07-31,DNS,5.96,33.2,225.69,NP,NP,1.1,NP,268.46,25.5,42.63,32.47,3.949,8.48991,96.605,NP,28.621,NP,NP,NP,NP,NP,NP,NP,NP,NP,NP,NP,NP,NP,NP,NP,NP,NP,NP,NP,NP,NP,NP,NP,NA
NWT,GREEN LAKE 1,1986,1986-08-07,DNS,6.79,32.5,247.82,NP,NP,0.16,NP,231.04,23.86,30.45,11.25,3.667,4.917,96.188,NP,22.797,NP,NP,NP,NP,NP,NP,NP,NP,NP,NP,NP,NP,NP,NP,NP,NP,NP,NP,NP,NP,NP,NP,NP,NA
NWT,GREEN LAKE 1,1986,1986-08-14,DNS,7.15,33.6,241.75,NP,NP,0.07,NP,234.53,24.68,34.8,12.53,5.078,4.27771,97.021,NP,21.965,NP,NP,NP,NP,NP,NP,NP,NP,NP,NP,NP,NP,NP,NP,NP,NP,NP,NP,NP,NP,NP,NP,NP,NA
NWT,GREEN LAKE 1,1986,1986-08-21,DNS,7.54,34.3,233.72,NP,NP,0.03,NP,249,24.68,28.71,11.51,3.385,2.7863,95.772,NP,17.638,NP,NP,NP,NP,NP,NP,NP,NP,NP,NP,NP,NP,NP,NP,NP,NP,NP,NP,NP,NP,NP,NP,NP,NA
NWT,GREEN LAKE 1,1986,1986-08-28,DNS,7.71,36,245.69,NP,NP,0.02,NP,254.99,25.5,36.1,17.39,7.053,0.737416,94.939,NP,18.138,NP,NP,NP,NP,NP,NP,NP,NP,NP,NP,NP,NP,NP,NP,NP,NP,NP,NP,NP,NP,NP,NP,NP,NA
NWT,GREEN LAKE 1,1986,1986-09-04,DNS,7.8,33.2,255.68,NP,NP,0.02,NP,253.99,25.5,31.75,10.74,3.385,0.18021,92.233,NP,20.134,NP,NP,NP,NP,NP,NP,NP,NP,NP,NP,NP,NP,NP,NP,NP,NP,NP,NP,NP,NP,NP,NP,NP,NA
NWT,GREEN LAKE 1,1986,1986-09-11,DNS,7.23,32.9,251.75,NP,NP,0.06,NP,302.39,26.32,34.8,10.74,3.949,0,105.974,NP,18.304,NP,NP,NP,NP,NP,NP,NP,NP,NP,NP,NP,NP,NP,NP,NP,NP,NP,NP,NP,NP,NP,NP,NP,NA
NWT,GREEN LAKE 1,1986,1986-09-18,DNS,7.3,33.1,251.75,NP,NP,0.05,NP,381.74,26.32,32.62,10.48,3.103,0.14759,96.605,NP,20.8,NP,NP,NP,NP,NP,NP,NP,NP,NP,NP,NP,NP,NP,NP,NP,NP,NP,NP,NP,NP,NP,NP,NP,NA
NWT,GREEN LAKE 1,1986,1986-09-25,DNS,7.31,33,233.72,NP,NP,0.05,NP,346.81,26.32,34.37,10.23,3.949,0,92.441,NP,13.312,NP,NP,NP,NP,NP,NP,NP,NP,NP,NP,NP,NP,NP,NP,NP,NP,NP,NP,NP,NP,NP,NP,NP,NA
NWT,GREEN LAKE 1,1986,1986-10-02,DNS,7.32,32.5,261.75,NP,NP,0.05,NP,235.53,27.15,37.41,9.72,2.821,0,97.229,NP,18.637,NP,NP,NP,NP,NP,NP,NP,NP,NP,NP,NP,NP,NP,NP,NP,NP,NP,NP,NP,NP,NP,NP,NP,NA
NWT,GREEN LAKE 1,1986,1986-10-16,DNS,7.33,34.3,255.68,NP,NP,0.05,NP,357.78,27.15,31.75,8.95,2.821,0,98.27,NP,10.65,NP,NP,NP,NP,NP,NP,NP,NP,NP,NP,NP,NP,NP,NP,NP,NP,NP,NP,NP,NP,NP,NP,NP,NA
NWT,GREEN LAKE 1,1986,1986-10-30,DNS,7.4,33.6,269.78,NP,NP,0.04,NP,282.93,28.79,36.1,10.48,0.564,0,96.397,NP,19.802,NP,NP,NP,NP,NP,NP,NP,NP,NP,NP,NP,NP,NP,NP,NP,NP,NP,NP,NP,NP,NP,NP,NP,NA
NWT,GREEN LAKE 1,1987,1987-05-07,DNS,7.14,41.3,299.61,NP,NP,0.07,NP,299.4,29.61,35.67,9.46,3.385,3.08121,111.803,NP,21.466,NP,NP,NP,NP,NP,NP,NP,NP,NP,NP,NP,NP,NP,NP,NP,NP,NP,NP,NP,NP,NP,NP,NP,NA
NWT,GREEN LAKE 1,1987,1987-05-21,DNS,7.18,42.5,265.68,NP,NP,0.07,NP,269.96,27.15,35.67,10.74,3.103,9.1784,108.264,NP,18.138,NP,NP,NP,NP,NP,NP,NP,NP,NP,NP,NP,NP,NP,NP,NP,NP,NP,NP,NP,NP,NP,NP,NP,NA
NWT,GREEN LAKE 1,1987,1987-05-28,DNS,7.29,37.1,263.72,NP,NP,0.05,NP,272.45,27.97,36.1,9.72,3.103,9.44069,114.094,NP,21.466,NP,NP,NP,NP,NP,NP,NP,NP,NP,NP,NP,NP,NP,NP,NP,NP,NP,NP,NP,NP,NP,NP,NP,NA
NWT,GREEN LAKE 1,1987,1987-06-04,DNS,7.13,42.3,259.78,NP,NP,0.07,NP,284.93,27.15,39.59,9.97,2.821,10.08,115.967,NP,26.957,NP,NP,NP,NP,NP,NP,NP,NP,NP,NP,NP,NP,NP,NP,NP,NP,NP,NP,NP,NP,NP,NP,NP,NA
NWT,GREEN LAKE 1,1987,1987-06-11,DNS,7.17,38.2,229.79,NP,NP,0.07,NP,275.95,31.26,34.37,8.44,1.693,8.81771,100.352,NP,26.458,NP,NP,NP,NP,NP,NP,NP,NP,NP,NP,NP,NP,NP,NP,NP,NP,NP,NP,NP,NP,NP,NP,NP,NA
NWT,GREEN LAKE 1,1987,1987-06-18,DNS,7.16,39.9,291.74,NP,NP,0.07,NP,246.51,28.79,30.01,7.67,6.206,10.3749,111.179,NP,66.56,NP,NP,NP,NP,NP,NP,NP,NP,NP,NP,NP,NP,NP,NP,NP,NP,NP,NP,NP,NP,NP,NP,NP,NA
NWT,GREEN LAKE 1,1987,1987-06-25,DNS,6.73,38.6,283.55,NP,NP,0.19,NP,257.98,29.61,37.41,9.21,3.385,7.4902,119.923,NP,89.856,NP,NP,NP,NP,NP,NP,NP,NP,NP,NP,NP,NP,NP,NP,NP,NP,NP,NP,NP,NP,NP,NP,NP,NA
NWT,GREEN LAKE 1,1987,1987-07-09,DNS,6.99,42,299.94,NP,NP,0.1,NP,267.96,29.61,40.02,14.32,5.36,6.2774,119.299,NP,13.312,NP,NP,NP,NP,NP,NP,NP,NP,NP,NP,NP,NP,NP,NP,NP,NP,NP,NP,NP,NP,NP,NP,NP,NA
NWT,GREEN LAKE 1,1987,1987-08-06,DNS,6.94,30.2,283.55,NP,NP,0.11,NP,290.42,29.61,37.84,8.95,2.539,0.409616,122.422,NP,43.597,NP,NP,NP,NP,NP,NP,NP,NP,NP,NP,NP,NP,NP,NP,NP,NP,NP,NP,NP,NP,NP,NP,NP,NA
NWT,GREEN LAKE 1,1987,1987-08-20,DNS,6.82,35.7,298.3,NP,NP,0.15,NP,290.92,30.44,37.84,10.23,2.257,0,132.415,NP,33.446,NP,NP,NP,NP,NP,NP,NP,NP,NP,NP,NP,NP,NP,NP,NP,NP,NP,NP,NP,NP,NP,NP,NP,NA
NWT,GREEN LAKE 1,1987,1987-09-15,DNS,6.55,53,306.49,NP,NP,0.28,NP,259.98,31.26,44.8,13.81,10.156,0,129.917,NP,43.43,NP,NP,NP,NP,NP,NP,NP,NP,NP,NP,NP,NP,NP,NP,NP,NP,NP,NP,NP,NP,NP,NP,NP,NA
NWT,GREEN LAKE 1,1987,1987-10-29,DNS,6.8,45.8,327.8,NP,NP,0.16,NP,316.37,34.55,45.24,11.25,3.385,0,135.33,NP,21.299,NP,NP,NP,NP,NP,NP,NP,NP,NP,NP,NP,NP,NP,NP,NP,NP,NP,NP,NP,NP,NP,NP,NP,NA
NWT,GREEN LAKE 1,1988,1988-06-02,DNS,6.96,48.2,307.48,NP,NP,0.11,NP,308.38,27.15,42.63,10.23,6.488,7.30999,143.658,NP,21.466,NP,NP,NP,NP,NP,NP,NP,NP,NP,NP,NP,NP,NP,NP,NP,NP,NP,NP,NP,NP,NP,NP,NP,NA
NWT,GREEN LAKE 1,1988,1988-06-16,DNS,6.41,36.4,179.63,NP,NP,0.39,NP,284.43,25.5,41.32,8.44,3.385,8.572,135.33,NP,24.96,NP,NP,NP,NP,NP,NP,NP,NP,NP,NP,NP,NP,NP,NP,NP,NP,NP,NP,NP,NP,NP,NP,NP,NA
NWT,GREEN LAKE 1,1988,1988-06-30,DNS,6.37,34.9,250.11,NP,NP,0.43,NP,274.95,23.86,33.93,11,3.385,8.4736,129.5,NP,24.96,NP,NP,NP,NP,NP,NP,NP,NP,NP,NP,NP,NP,NP,NP,NP,NP,NP,NP,NP,NP,NP,NP,NP,NA
NWT,GREEN LAKE 1,1988,1988-07-14,DNS,6.38,31.2,277.48,NP,NP,0.42,NP,266.96,22.21,38.28,10.48,2.539,7.73619,128.876,NP,41.6,NP,NP,NP,NP,NP,NP,NP,NP,NP,NP,NP,NP,NP,NP,NP,NP,NP,NP,NP,NP,NP,NP,NP,NA
NWT,GREEN LAKE 1,1988,1988-07-28,DNS,7.88,33.46,292.89,NP,NP,0.01,NP,172.65,25.5,38.28,8.95,2.821,4.08119,120.964,NP,28.288,NP,NP,NP,NP,NP,NP,NP,NP,NP,NP,NP,NP,NP,NP,NP,NP,NP,NP,NP,NP,NP,NP,NP,NA
NWT,GREEN LAKE 1,1988,1988-08-11,DNS,6.66,42,299.61,NP,NP,0.22,NP,282.43,26.32,33.49,10.23,2.821,5.31031,124.295,NP,26.624,NP,NP,NP,NP,NP,NP,NP,NP,NP,NP,NP,NP,NP,NP,NP,NP,NP,NP,NP,NP,NP,NP,NP,NA
NWT,GREEN LAKE 1,1988,1988-09-08,DNS,7,43.6,327.8,NP,NP,0.1,NP,256.99,25.5,40.02,14.83,3.949,0,124.92,NP,18.304,NP,NP,NP,NP,NP,NP,NP,NP,NP,NP,NP,NP,NP,NP,NP,NP,NP,NP,NP,NP,NP,NP,NP,NA
NWT,GREEN LAKE 1,1988,1988-09-22,DNS,7.2,43.1,327.8,NP,NP,0.06,NP,232.53,29.61,40.89,9.21,4.231,1.8029,127.002,NP,18.304,NP,NP,NP,NP,NP,NP,NP,NP,NP,NP,NP,NP,NP,NP,NP,NP,NP,NP,NP,NP,NP,NP,NP,NA
NWT,GREEN LAKE 1,1989,1989-06-08,DNS,6.76,32.4,185.53,NP,NP,0.17,NP,123.25,26.32,36.1,7.16,5.078,18.029,132.623,NP,23.579,NP,NP,NP,NP,NP,NP,NP,NP,NP,NP,NP,NP,NP,NP,NP,NP,NP,NP,NP,NP,NP,NP,NP,NA
NWT,GREEN LAKE 1,1989,1989-06-22,DNS,6.25,41.4,204.22,NP,NP,0.56,NP,194.11,22.21,40.02,9.21,3.949,19.3402,135.955,NP,28.005,NP,NP,NP,NP,NP,NP,NP,NP,NP,NP,NP,NP,NP,NP,NP,NP,NP,NP,NP,NP,NP,NP,NP,NA
NWT,GREEN LAKE 1,1989,1989-07-06,DNS,6.27,42.1,200.29,NP,NP,0.54,NP,235.03,30.44,43.5,9.46,5.36,23.6016,129.5,NP,26.158,NP,NP,NP,NP,NP,NP,NP,NP,NP,NP,NP,NP,NP,NP,NP,NP,NP,NP,NP,NP,NP,NP,NP,NA
NWT,GREEN LAKE 1,1989,1989-07-20,DNS,6.25,42.8,193.07,NP,NP,0.56,NP,451.6,37.84,40.89,4.86,3.667,19.0124,128.668,NP,40.419,NP,NP,NP,NP,NP,NP,NP,NP,NP,NP,NP,NP,NP,NP,NP,NP,NP,NP,NP,NP,NP,NP,NP,NA
NWT,GREEN LAKE 1,1989,1989-08-03,DNS,6.35,40.8,189.47,NP,NP,0.45,NP,231.04,32.9,27.41,6.65,3.949,16.0622,129.709,NP,28.621,NP,NP,NP,NP,NP,NP,NP,NP,NP,NP,NP,NP,NP,NP,NP,NP,NP,NP,NP,NP,NP,NP,NP,NA
NWT,GREEN LAKE 1,1989,1989-08-17,DNS,5.86,40.4,191.93,NP,NP,1.38,NP,144.21,27.97,37.41,6.14,3.949,16.0622,128.459,NP,27.672,NP,NP,NP,NP,NP,NP,NP,NP,NP,NP,NP,NP,NP,NP,NP,NP,NP,NP,NP,NP,NP,NP,NP,NA
NWT,GREEN LAKE 1,1989,1989-08-31,DNS,6.54,42,191.11,NP,NP,0.29,NP,180.64,29.61,36.98,6.65,5.642,10.4896,133.873,NP,37.357,NP,NP,NP,NP,NP,NP,NP,NP,NP,NP,NP,NP,NP,NP,NP,NP,NP,NP,NP,NP,NP,NP,NP,NA
NWT,GREEN LAKE 1,1989,1989-09-14,DNS,6.4,41.1,196.68,NP,NP,0.4,NP,152.69,30.44,37.84,9.21,5.642,7.7033,133.664,NP,33.097,NP,NP,NP,NP,NP,NP,NP,NP,NP,NP,NP,NP,NP,NP,NP,NP,NP,NP,NP,NP,NP,NP,NP,NA
NWT,GREEN LAKE 1,1989,1989-09-28,DNS,6.9,41.5,195.7,NP,NP,0.13,NP,195.61,45.24,36.54,9.21,6.77,10.3257,133.873,NP,31.45,NP,NP,NP,NP,NP,NP,NP,NP,NP,NP,NP,NP,NP,NP,NP,NP,NP,NP,NP,NP,NP,NP,NP,NA
NWT,GREEN LAKE 1,1989,1989-10-26,DNS,6.13,44.3,192.75,NP,NP,0.74,NP,181.64,33.73,35.23,8.95,3.385,9.5062,138.037,NP,26.141,NP,NP,NP,NP,NP,NP,NP,NP,NP,NP,NP,NP,NP,NP,NP,NP,NP,NP,NP,NP,NP,NP,NP,NA
NWT,GREEN LAKE 1,1990,1990-06-07,DNS,6.44,42.5,276.17,NP,NP,0.36,NP,216.92,33.07,44.2,13.19,5.134,27.6007,144.012,NP,NP,NP,NP,NP,NP,NP,NP,NP,NP,NP,NP,NP,NP,NP,NP,NP,NP,NP,NP,NP,NP,NP,NP,NP,NA
NWT,GREEN LAKE 1,1990,1990-06-21,DNS,6.89,40.5,261.42,NP,NP,0.13,NP,204.39,31.01,39.28,11.99,4.852,13.7347,133.685,NP,NP,NP,NP,NP,NP,NP,NP,NP,NP,NP,NP,NP,NP,NP,NP,NP,NP,NP,NP,NP,NP,NP,NP,NP,NA
NWT,GREEN LAKE 1,1990,1990-07-05,DNS,6.72,38.8,248.8,NP,NP,0.19,NP,213.22,24.51,34.19,8.64,3.611,12.0465,126.794,NP,NP,NP,NP,NP,NP,NP,NP,NP,NP,NP,NP,NP,NP,NP,NP,NP,NP,NP,NP,NP,NP,NP,NP,NP,NA
NWT,GREEN LAKE 1,1990,1990-07-19,DNS,6.82,38,242.9,NP,NP,0.15,NP,191.87,25.01,37.71,10.56,3.724,9.80111,127.71,NP,NP,NP,NP,NP,NP,NP,NP,NP,NP,NP,NP,NP,NP,NP,NP,NP,NP,NP,NP,NP,NP,NP,NP,NP,NA
NWT,GREEN LAKE 1,1990,1990-08-02,DNS,6.22,38.5,246.51,NP,NP,0.6,NP,235.43,19.66,35.76,10.07,1.411,7.76881,121.672,NP,NP,NP,NP,NP,NP,NP,NP,NP,NP,NP,NP,NP,NP,NP,NP,NP,NP,NP,NP,NP,NP,NP,NP,NP,NA
NWT,GREEN LAKE 1,1990,1990-08-16,DNS,5.96,38.7,247.98,NP,NP,1.1,NP,260.03,26.16,35.54,8.49,1.411,6.16269,123.588,NP,NP,NP,NP,NP,NP,NP,NP,NP,NP,NP,NP,NP,NP,NP,NP,NP,NP,NP,NP,NP,NP,NP,NP,NP,NA
NWT,GREEN LAKE 1,1990,1990-08-30,DNS,6.02,38.7,247.98,NP,NP,0.95,NP,252.79,25.67,37.19,6.49,1.411,5.53971,124.524,NP,NP,NP,NP,NP,NP,NP,NP,NP,NP,NP,NP,NP,NP,NP,NP,NP,NP,NP,NP,NP,NP,NP,NP,NP,NA
NWT,GREEN LAKE 1,1990,1990-09-13,DNS,5.9,38.9,249.46,NP,NP,1.26,NP,282.63,23.77,15.66,6.83,1.411,6.0151,127.96,NP,NP,NP,NP,NP,NP,NP,NP,NP,NP,NP,NP,NP,NP,NP,NP,NP,NP,NP,NP,NP,NP,NP,NP,NP,NA
NWT,GREEN LAKE 1,1991,1991-05-24,DNS,5.02,44,173.9,NP,NP,9.55,NP,282.98,30.11,34.41,10.76,1.69,16.07,136.63,NP,35.78,367.81,328.28,0.06,NP,NP,NP,NP,NP,NP,NP,NP,NP,NP,NP,NP,NP,NP,NP,NP,NP,NP,NP,NP,NA
NWT,GREEN LAKE 1,1991,1991-06-06,DNS,5.8,41.9,179.47,NP,NP,1.58,NP,374.25,31.34,31.89,9.56,2.14,15.37,131.27,NP,47.36,448.62,328.25,0.15,NP,NP,NP,NP,NP,NP,NP,NP,NP,NP,NP,NP,NP,NP,NP,NP,NP,NP,NP,NP,NA
NWT,GREEN LAKE 1,1991,1991-06-13,DNS,5.7,42.3,220.94,NP,NP,2,NP,374.25,30.52,40.67,9.56,1.41,14.93,NP,NP,50.89,457,NP,NP,NP,NP,NP,NP,NP,NP,NP,NP,NP,NP,NP,NP,NP,NP,NP,NP,NP,NP,NP,NP,NA
NWT,GREEN LAKE 1,1991,1991-06-27,DNS,6.6,40.4,244.37,NP,NP,0.25,NP,387.22,29.61,40.67,13.09,NP,NP,104.1,NP,46.73,470.84,NP,NP,NP,NP,NP,NP,NP,NP,NP,NP,NP,NP,NP,NP,NP,NP,NP,NP,NP,NP,NP,NP,NA
NWT,GREEN LAKE 1,1991,1991-07-11,DNS,6.65,42,277.32,NP,NP,0.22,NP,249.5,29.78,38.76,25.95,7.05,13.82,131.61,NP,50.49,344.21,429.8,-0.11,NP,NP,NP,NP,NP,NP,NP,NP,NP,NP,NP,NP,NP,NP,NP,NP,NP,NP,NP,NP,NA
NWT,GREEN LAKE 1,1991,1991-07-23,DNS,6.26,40.3,152.1,NP,NP,0.55,NP,246.01,27.72,38.28,9.72,17.89,15.78,141.4,NP,46.58,322.28,327.16,-0.01,NP,NP,NP,NP,NP,NP,NP,NP,NP,NP,NP,NP,NP,NP,NP,NP,NP,NP,NP,NP,NA
NWT,GREEN LAKE 1,1991,1991-08-08,DNS,6.7,43.3,222.58,NP,NP,0.2,NP,249.5,30.35,40.06,23.22,12.47,12.88,133.21,NP,49.77,343.33,381.15,-0.05,NP,NP,NP,NP,NP,NP,NP,NP,NP,NP,NP,NP,NP,NP,NP,NP,NP,NP,NP,NP,NA
NWT,GREEN LAKE 1,1991,1991-08-22,DNS,7.2,43,261.75,NP,NP,0.06,NP,302.99,29.7,NP,34.83,22.49,19.24,139.12,NP,51.55,NP,442.6,NP,NP,NP,NP,NP,NP,NP,NP,NP,NP,NP,NP,NP,NP,NP,NP,NP,NP,NP,NP,NP,NA
NWT,GREEN LAKE 1,1991,1991-09-05,DNS,7.36,44.2,419.91,NP,NP,0.04,NP,322.95,10.78,NP,14.55,5.58,14.14,140.98,NP,62.15,NP,580.61,NP,NP,NP,NP,NP,NP,NP,NP,NP,NP,NP,NP,NP,NP,NP,NP,NP,NP,NP,NP,NP,NA
NWT,GREEN LAKE 1,1991,1991-09-19,DNS,5.93,42.8,451.35,NP,NP,1.17,NP,325,29.94,NP,9.49,23.99,13.57,138.92,NP,57.64,NP,627.84,NP,NP,NP,NP,NP,NP,NP,NP,NP,NP,NP,NP,NP,NP,NP,NP,NP,NP,NP,NP,NP,NA
NWT,GREEN LAKE 1,1991,1991-10-03,DNS,6.29,44.2,NP,NP,NP,0.51,NP,329.29,30.68,NP,8.44,11.17,14.16,140.61,NP,61.09,NP,NP,NP,NP,NP,NP,NP,NP,NP,NP,NP,NP,NP,NP,NP,NP,NP,NP,NP,NP,NP,NP,NP,NA
NWT,GREEN LAKE 1,1991,1991-10-24,DNS,5.91,45.1,324.99,NP,NP,1.23,NP,348.6,32.16,NP,9.95,12.09,13.75,145.1,NP,62.78,NP,495.92,NP,NP,NP,NP,NP,NP,NP,NP,NP,NP,NP,NP,NP,NP,NP,NP,NP,NP,NP,NP,NP,NA
NWT,GREEN LAKE 1,1992,1992-05-28,1400,7.06,48.6,218.31,NP,NP,0.09,NP,355.96,32.08,4.96,11,1.78,24.19,174.49,NP,66.19,404.09,418.77,-0.02,NP,NP,NP,NP,NP,NP,NP,NP,NP,NP,NP,NP,NP,NP,NP,NP,NP,NP,NP,NP,NA
NWT,GREEN LAKE 1,1992,1992-06-04,1615,7.09,48.2,249.46,NP,NP,0.08,NP,352,32.08,46.98,11,5.27,22.13,174.93,NP,61.45,442.14,451.79,-0.01,NP,NP,NP,NP,NP,NP,NP,NP,NP,NP,NP,NP,NP,NP,NP,NP,NP,NP,NP,NP,NA
NWT,GREEN LAKE 1,1992,1992-06-11,DNS,7.1,50.5,239.87,NP,NP,0.08,NP,341.41,30.44,42.19,11,1.89,20.26,172.87,NP,59.64,425.11,434.88,-0.01,NP,NP,NP,NP,NP,NP,NP,NP,NP,NP,NP,NP,NP,NP,NP,NP,NP,NP,NP,NP,NA
NWT,GREEN LAKE 1,1992,1992-06-18,1515,6.99,44.6,242.1,NP,NP,0.1,NP,350.71,31.26,46.54,11.25,3.58,30.09,174.62,NP,85.52,439.87,450.39,-0.01,NP,NP,NP,NP,NP,NP,NP,NP,NP,NP,NP,NP,NP,NP,NP,NP,NP,NP,NP,NP,NA
NWT,GREEN LAKE 1,1992,1992-06-25,DNS,6.93,48.9,246.32,NP,NP,0.12,NP,351,32.08,45.24,10.74,2.31,28.22,172.22,NP,63.16,439.18,449.08,-0.01,NP,NP,NP,NP,NP,NP,NP,NP,NP,NP,NP,NP,NP,NP,NP,NP,NP,NP,NP,NP,NA
NWT,GREEN LAKE 1,1992,1992-07-02,DNS,7.03,52,244.46,NP,NP,0.09,NP,339.18,28.79,57.42,14.07,18.98,22.24,162.67,NP,126.18,439.55,448.35,-0.01,NP,NP,NP,NP,NP,NP,NP,NP,NP,NP,NP,NP,NP,NP,NP,NP,NP,NP,NP,NP,NA
NWT,GREEN LAKE 1,1992,1992-07-09,DNS,6.7,19.58,118.83,NP,NP,0.2,NP,156.4,7.82,13.05,3.71,2,8,57.28,NP,40.48,181.17,186.11,-0.01,NP,NP,NP,NP,NP,NP,NP,NP,NP,NP,NP,NP,NP,NP,NP,NP,NP,NP,NP,NP,NA
NWT,GREEN LAKE 1,1992,1992-07-23,DNS,7.12,47.6,258.72,NP,NP,0.08,NP,353.65,32.08,44.37,11,4.17,12.48,174.28,NP,69.57,441.17,449.66,-0.01,NP,NP,NP,NP,NP,NP,NP,NP,NP,NP,NP,NP,NP,NP,NP,NP,NP,NP,NP,NP,NA
NWT,GREEN LAKE 1,1992,1992-08-04,DNS,7.09,47.8,261.35,NP,NP,0.08,NP,356.54,32.91,46.11,10.23,2.43,18.76,171.79,NP,68.08,445.87,454.32,-0.01,NP,NP,NP,NP,NP,NP,NP,NP,NP,NP,NP,NP,NP,NP,NP,NP,NP,NP,NP,NP,NA
NWT,GREEN LAKE 1,1992,1992-08-13,DNS,7.36,49.9,266.61,NP,NP,0.04,NP,361.22,31.26,45.67,10.23,3.36,15.05,171.72,NP,72.21,448.42,456.74,-0.01,NP,NP,NP,NP,NP,NP,NP,NP,NP,NP,NP,NP,NP,NP,NP,NP,NP,NP,NP,NP,NA
NWT,GREEN LAKE 1,1992,1992-08-27,900,7.2,42.1,269.87,NP,NP,0.06,NP,364.11,32.08,46.98,10.74,2.12,17.56,172.58,NP,74.13,453.98,462.13,-0.01,NP,NP,NP,NP,NP,NP,NP,NP,NP,NP,NP,NP,NP,NP,NP,NP,NP,NP,NP,NP,NA
NWT,GREEN LAKE 1,1992,1992-09-10,DNS,7.06,48.4,261.3,NP,NP,0.09,NP,363.53,31.1,50.89,11,3.81,25.71,175.08,NP,78.69,456.6,465.89,-0.01,NP,NP,NP,NP,NP,NP,NP,NP,NP,NP,NP,NP,NP,NP,NP,NP,NP,NP,NP,NP,NA
NWT,GREEN LAKE 1,1992,1992-09-24,DNS,7.15,38.8,267.71,NP,NP,0.07,NP,369.94,32.08,52.63,3.81,3.55,18.42,178.01,NP,83.03,458.54,467.69,-0.01,NP,NP,NP,NP,NP,NP,NP,NP,NP,NP,NP,NP,NP,NP,NP,NP,NP,NP,NP,NP,NA
NWT,GREEN LAKE 1,1992,1992-10-08,DNS,7.21,39.9,266.74,NP,NP,0.06,NP,374.62,32.08,50.46,12.02,2.03,28.97,181.38,NP,82.64,469.24,479.12,-0.01,NP,NP,NP,NP,NP,NP,NP,NP,NP,NP,NP,NP,NP,NP,NP,NP,NP,NP,NP,NP,NA
NWT,GREEN LAKE 1,1992,1992-10-22,DNS,7.11,49.3,NP,NP,NP,0.08,NP,387.44,32.91,51.33,10.74,NP,21,184.55,NP,73.17,482.49,NP,NP,NP,NP,NP,NP,NP,NP,NP,NP,NP,NP,NP,NP,NP,NP,NP,NP,NP,NP,NP,NP,NA
NWT,GREEN LAKE 1,1993,1993-01-05,1430,7.17,44,384.63,NP,NP,0.07,NP,510.26,40.31,61.33,13.3,3.53,23.89,222.19,NP,81.61,625.26,634.23,-0.01,NP,NP,NP,NP,NP,NP,NP,NP,NP,NP,NP,NP,NP,NP,NP,NP,NP,NP,NP,NP,NA
NWT,GREEN LAKE 1,1993,1993-06-10,830,7.11,43.3,202.32,NP,NP,0.08,0.93,300.14,30.68,36.84,8.31,4.12,25.57,155.28,NP,69.25,376.99,387.28,-0.01,NP,NP,NP,NP,NP,NP,NP,NP,NP,NP,NP,NP,NP,NP,NP,NP,NP,NP,NP,NP,NA
NWT,GREEN LAKE 1,1993,1993-06-17,1330,7.36,43.9,237.36,NP,NP,0.04,0.64,323.25,30.03,38.41,7.8,4.4,18.43,147.99,NP,58.82,400.17,408.18,-0.01,NP,NP,NP,NP,NP,NP,NP,NP,NP,NP,NP,NP,NP,NP,NP,NP,NP,NP,NP,NP,NA
NWT,GREEN LAKE 1,1993,1993-06-24,1430,7.45,49.9,273.55,NP,NP,0.04,0.5,372.44,33.89,42.02,8.8,5.42,20.58,166.81,NP,68.65,457.68,466.35,-0.01,NP,NP,NP,NP,NP,NP,NP,NP,NP,NP,NP,NP,NP,NP,NP,NP,NP,NP,NP,NP,NA
NWT,GREEN LAKE 1,1993,1993-07-01,1400,7.13,49.8,266.94,NP,NP,0.07,0.86,360.91,32.74,42.67,8.29,4.23,20.47,162.06,NP,68.33,445.54,453.7,-0.01,NP,NP,NP,NP,NP,NP,NP,NP,NP,NP,NP,NP,NP,NP,NP,NP,NP,NP,NP,NP,NA
NWT,GREEN LAKE 1,1993,1993-07-08,1330,7.36,42,255.63,NP,NP,0.04,1,340.07,31.18,39.67,8.23,4.15,18.97,148.82,NP,67.72,420.2,427.56,-0.01,NP,NP,NP,NP,NP,NP,NP,NP,NP,NP,NP,NP,NP,NP,NP,NP,NP,NP,NP,NP,NA
NWT,GREEN LAKE 1,1993,1993-07-15,1400,7.64,43.3,240.87,NP,NP,0.02,1.5,318.97,29.62,38.76,8.49,3.84,17.55,142.12,NP,66.76,397.36,404.37,-0.01,NP,NP,NP,NP,NP,NP,NP,NP,NP,NP,NP,NP,NP,NP,NP,NP,NP,NP,NP,NP,NA
NWT,GREEN LAKE 1,1993,1993-07-22,1335,7.6,44.2,140.3,NP,NP,0.03,0.07,209.42,28.79,40.37,8.18,4.63,16.93,133.53,NP,57.18,286.86,295.39,-0.01,NP,NP,NP,NP,NP,NP,NP,NP,NP,NP,NP,NP,NP,NP,NP,NP,NP,NP,NP,NP,NA
NWT,GREEN LAKE 1,1993,1993-07-29,820,7.62,44.1,244.19,NP,NP,0.02,1.14,316.88,29.78,40.67,7.93,5.13,13.45,139.93,NP,61.6,396.42,402.71,-0.01,NP,NP,NP,NP,NP,NP,NP,NP,NP,NP,NP,NP,NP,NP,NP,NP,NP,NP,NP,NP,NA
NWT,GREEN LAKE 1,1993,1993-08-12,845,7.58,44.7,248.18,NP,NP,0.03,0,311.27,29.45,41.67,8.18,3.38,11.68,132.37,NP,65.26,390.6,395.61,-0.01,NP,NP,NP,NP,NP,NP,NP,NP,NP,NP,NP,NP,NP,NP,NP,NP,NP,NP,NP,NP,NA
NWT,GREEN LAKE 1,1993,1993-08-26,820,7.28,41.7,253.31,NP,NP,0.05,0.93,306.08,29.62,39.1,8.31,3.53,9.66,133.77,NP,62.34,384.1,400.26,-0.02,NP,NP,NP,NP,NP,NP,NP,NP,NP,NP,NP,NP,NP,NP,NP,NP,NP,NP,NP,NP,NA
NWT,GREEN LAKE 1,1993,1993-09-09,1515,7.43,43.2,252.02,NP,NP,0.04,1,305.75,29.45,39.45,8.06,3.47,7.39,129.52,NP,64.16,383.75,392.4,-0.01,NP,NP,NP,NP,NP,NP,NP,NP,NP,NP,NP,NP,NP,NP,NP,NP,NP,NP,NP,NP,NA
NWT,GREEN LAKE 1,1993,1993-10-07,1300,7.36,43.5,257.9,NP,NP,0.04,0.36,317.01,30.27,41.37,8.57,3.5,8.24,131.17,NP,67.08,397.62,400.8,0,NP,NP,NP,NP,NP,NP,NP,NP,NP,NP,NP,NP,NP,NP,NP,NP,NP,NP,NP,NP,NA
NWT,GREEN LAKE 1,1994,1994-05-19,1415,7.26,46.7,275.95,NP,NP,0.05,1.29,332.46,31.84,46.89,10.87,5.16,10.69,145.09,NP,66.83,423.4,436.9,-0.02,NP,NP,NP,NP,11.98,NP,NP,NP,NP,NP,NP,NP,NP,NP,NP,NP,NP,NP,NP,NP,NA
NWT,GREEN LAKE 1,1994,1994-05-26,845,7.36,45.2,282.78,NP,NP,0.04,0.16,325.07,30.93,47.41,10.49,6.85,11.79,145.16,NP,64.4,414.1,446.58,-0.04,NP,NP,NP,NP,11.95,NP,NP,NP,NP,NP,NP,NP,NP,NP,NP,NP,NP,NP,NP,NP,NA
NWT,GREEN LAKE 1,1994,1994-06-02,1400,7.22,44.5,241.7,NP,NP,0.06,0.93,303.57,29.53,41.02,10.23,9.22,13.34,139.74,NP,60.57,385.34,404,-0.02,NP,NP,NP,NP,14.27,NP,NP,NP,NP,NP,NP,NP,NP,NP,NP,NP,NP,NP,NP,NP,NA
NWT,GREEN LAKE 1,1994,1994-06-09,1330,7.22,39.9,233.9,NP,NP,0.06,0.54,306.55,28.83,37.97,10.41,3.84,13.4,136.97,NP,58.52,384.36,388.11,0,NP,NP,NP,NP,13.94,NP,NP,NP,NP,NP,NP,NP,NP,NP,NP,NP,NP,NP,NP,NP,NA
NWT,GREEN LAKE 1,1994,1994-06-16,1425,7.18,42.4,239.7,NP,NP,0.07,0.79,268.36,21.14,30.45,10.36,5.78,13,134.5,NP,67.29,331.16,392.98,-0.09,NP,NP,NP,NP,13.78,NP,NP,NP,NP,NP,NP,NP,NP,NP,NP,NP,NP,NP,NP,NP,NA
NWT,GREEN LAKE 1,1994,1994-06-23,850,7.26,42.2,234.79,NP,NP,0.05,1.29,298.36,28.13,37.28,9.69,3.07,12.11,131.67,NP,58.36,374.81,381.64,-0.01,NP,NP,NP,NP,13.4,NP,NP,NP,NP,NP,NP,NP,NP,NP,NP,NP,NP,NP,NP,NP,NA
NWT,GREEN LAKE 1,1994,1994-06-30,900,7.3,40.7,246.02,NP,NP,0.05,0.56,294.76,28.55,38.54,10.36,3.55,12.77,134.08,NP,60.83,372.8,396.43,-0.03,NP,NP,NP,NP,13.33,NP,NP,NP,NP,NP,NP,NP,NP,NP,NP,NP,NP,NP,NP,NP,NA
NWT,GREEN LAKE 1,1994,1994-07-07,820,7.19,41.4,242.59,NP,NP,0.06,1,294.76,29.04,39.23,10,2.79,11.79,131.35,NP,63.04,374.09,388.53,-0.02,NP,NP,NP,NP,12.79,NP,NP,NP,NP,NP,NP,NP,NP,NP,NP,NP,NP,NP,NP,NP,NA
NWT,GREEN LAKE 1,1994,1994-07-14,835,7.09,42.5,259.92,NP,NP,0.08,1.5,308.11,31.01,47.24,11.82,3.72,11.43,124.23,NP,66.72,399.76,399.31,0,NP,NP,NP,NP,12.93,NP,NP,NP,NP,NP,NP,NP,NP,NP,NP,NP,NP,NP,NP,NP,NA
NWT,GREEN LAKE 1,1994,1994-07-21,840,7.15,43.3,259.11,NP,NP,0.07,1.29,306.91,31.42,31.93,11.07,3.3,11.02,125.21,NP,70.97,382.69,398.64,-0.02,NP,NP,NP,NP,12.3,NP,NP,NP,NP,NP,NP,NP,NP,NP,NP,NP,NP,NP,NP,NP,NA
NWT,GREEN LAKE 1,1994,1994-07-28,846,7.35,42.5,254.86,NP,NP,0.04,1.86,305.31,30.03,43.28,12.76,6.68,7.21,127.44,NP,66.41,393.27,396.19,0,NP,NP,NP,NP,9.07,NP,NP,NP,NP,NP,NP,NP,NP,NP,NP,NP,NP,NP,NP,NP,NA
NWT,GREEN LAKE 1,1994,1994-08-04,1325,7.58,40.7,248.63,NP,NP,0.03,0.86,282.87,27.72,39.41,10.13,2.2,4.95,119.28,NP,50.14,361.01,375.06,-0.02,NP,NP,NP,NP,5.81,NP,NP,NP,NP,NP,NP,NP,NP,NP,NP,NP,NP,NP,NP,NP,NA
NWT,GREEN LAKE 1,1994,1994-08-11,835,7.49,40.8,253.28,NP,NP,0.03,0.5,298.38,28.96,42.41,9.9,3.05,4.41,123.15,NP,59.95,380.18,383.89,0,NP,NP,NP,NP,4.91,NP,NP,NP,NP,NP,NP,NP,NP,NP,NP,NP,NP,NP,NP,NP,NA
NWT,GREEN LAKE 1,1994,1994-08-18,830,7.4,41.4,266.95,NP,NP,0.04,1.71,300.41,27.72,42.5,11.18,3.13,4.34,122.28,NP,60.1,383.56,396.69,-0.02,NP,NP,NP,NP,6.05,NP,NP,NP,NP,NP,NP,NP,NP,NP,NP,NP,NP,NP,NP,NP,NA
NWT,GREEN LAKE 1,1994,1994-08-25,1340,7.41,41.3,259.26,NP,NP,0.04,0.93,281.53,27.89,40.63,10.92,3.36,4.39,119.17,NP,60.17,361.94,386.18,-0.03,NP,NP,NP,NP,5.31,NP,NP,NP,NP,NP,NP,NP,NP,NP,NP,NP,NP,NP,NP,NP,NA
NWT,GREEN LAKE 1,1994,1994-09-01,843,7.68,40.8,243.19,NP,NP,0.02,0.93,289.5,28.71,38.45,10.13,2.76,4.52,116.05,NP,58.53,367.74,366.52,0,NP,NP,NP,NP,5.44,NP,NP,NP,NP,NP,NP,NP,NP,NP,NP,NP,NP,NP,NP,NP,NA
NWT,GREEN LAKE 1,1994,1994-09-08,830,7.4,41.8,273.48,NP,NP,0.04,1.43,293.33,29.45,41.45,11.18,2.93,4.94,121.21,NP,64.04,376.88,402.56,-0.03,NP,NP,NP,NP,6.36,NP,NP,NP,NP,NP,NP,NP,NP,NP,NP,NP,NP,NP,NP,NP,NA
NWT,GREEN LAKE 1,1994,1994-09-15,1345,7.42,40.1,263.79,NP,NP,0.04,1.21,306.11,30.11,42.76,10.41,1.21,5.68,126,NP,62.59,390.63,396.68,-0.01,NP,NP,NP,NP,6.89,NP,NP,NP,NP,NP,NP,NP,NP,NP,NP,NP,NP,NP,NP,NP,NA
NWT,GREEN LAKE 1,1994,1994-09-22,840,7.38,42.6,263.43,NP,NP,0.04,0.86,300.72,28.96,40.28,10.28,1.97,5.66,120.71,NP,60.96,381.14,391.78,-0.01,NP,NP,NP,NP,6.52,NP,NP,NP,NP,NP,NP,NP,NP,NP,NP,NP,NP,NP,NP,NP,NA
NWT,GREEN LAKE 1,1994,1994-09-29,1245,7.46,45.3,264.62,NP,NP,0.03,0.5,303.79,29.94,40.93,10.28,1.97,5.77,122.07,NP,61.87,385.48,394.44,-0.01,NP,NP,NP,NP,6.27,NP,NP,NP,NP,NP,NP,NP,NP,NP,NP,NP,NP,NP,NP,NP,NA
NWT,GREEN LAKE 1,1994,1994-10-13,765,7.33,42.8,268.17,NP,NP,0.05,0.86,302.83,29.86,41.67,10.03,3.33,7.24,121.67,NP,61.96,385.3,400.41,-0.02,NP,NP,NP,NP,8.1,NP,NP,NP,NP,NP,NP,NP,NP,NP,NP,NP,NP,NP,NP,NP,NA
NWT,GREEN LAKE 1,1994,1994-10-13,765,7.41,43.5,278.52,NP,NP,0.04,0.5,304.5,29.53,40.93,9.77,3.1,7.23,121.53,NP,61.22,385.28,410.37,-0.03,NP,NP,NP,NP,7.72,NP,NP,NP,NP,NP,NP,NP,NP,NP,NP,NP,NP,NP,NP,NP,NA
NWT,GREEN LAKE 1,1994,1994-10-27,920,7.29,42.4,267.92,NP,NP,0.05,1,305.31,29.86,41.8,9.95,4.03,8.63,126.27,NP,63.32,387.97,406.86,-0.02,NP,NP,NP,NP,9.63,NP,NP,NP,NP,NP,NP,NP,NP,NP,NP,NP,NP,NP,NP,NP,NA
NWT,GREEN LAKE 1,1994,1994-10-27,920,7.33,42.2,271.64,NP,NP,0.05,0.64,314.83,31.01,41.8,10.2,4.01,9.11,130.02,NP,65.51,398.54,414.78,-0.02,NP,NP,NP,NP,9.75,NP,NP,NP,NP,NP,NP,NP,NP,NP,NP,NP,NP,NP,NP,NP,NA
NWT,GREEN LAKE 1,1995,1995-06-22,1440,6.72,28.4,154.22,NP,NP,0.19,1.3,211.73,21.06,30.06,8.43,4.15,22.89,100.27,NP,53.42,272.77,281.52,-0.02,NP,NP,NP,NP,24.18,NP,NP,NP,NP,NP,NP,NP,NP,NP,NP,NP,NP,NP,NP,NP,NA
NWT,GREEN LAKE 1,1995,1995-06-29,1240,7.31,47.1,286.95,NP,NP,0.05,0.81,330.41,32.66,49.37,10.05,3.98,18.39,132,NP,69.87,423.35,441.31,-0.02,NP,NP,NP,NP,19.2,NP,NP,NP,NP,NP,NP,NP,NP,NP,NP,NP,NP,NP,NP,NP,NA
NWT,GREEN LAKE 1,1995,1995-07-06,1345,7.23,41.8,275.89,NP,NP,0.06,0.4,308.73,30.85,45.67,9.03,3.92,18.22,120.76,NP,68.66,394.74,418.79,-0.03,NP,NP,NP,NP,18.62,NP,NP,NP,NP,NP,NP,NP,NP,NP,NP,NP,NP,NP,NP,NP,NA
NWT,GREEN LAKE 1,1995,1995-07-13,DNS,7.24,40.8,254.28,NP,NP,0.06,2.18,292.66,29.62,46.93,8.13,4.29,17.84,110.76,NP,70.1,379.58,387.17,-0.01,NP,NP,NP,NP,20.01,NP,NP,NP,NP,NP,NP,NP,NP,NP,NP,NP,NP,NP,NP,NP,NA
NWT,GREEN LAKE 1,1995,1995-07-20,1320,7.12,42,250.72,NP,NP,0.08,2.02,305.97,28.55,40.19,9.21,4.01,17.72,108.06,NP,71.28,386.01,380.51,0.01,NP,NP,NP,NP,19.74,NP,NP,NP,NP,NP,NP,NP,NP,NP,NP,NP,NP,NP,NP,NP,NA
NWT,GREEN LAKE 1,1995,1995-08-03,1255,7.17,38.1,257.96,NP,NP,0.07,1.86,299.7,28.13,40.41,9.92,3.58,16.18,105.35,NP,72.63,380.09,383.07,0,NP,NP,NP,NP,18.03,NP,NP,NP,NP,NP,NP,NP,NP,NP,NP,NP,NP,NP,NP,NP,NA
NWT,GREEN LAKE 1,1995,1995-08-10,1410,7.33,40.9,255.17,NP,NP,0.05,1.21,298.36,28.38,40.15,9.39,3.78,16.13,105.97,NP,77.43,377.54,381.05,0,NP,NP,NP,NP,17.34,NP,NP,NP,NP,NP,NP,NP,NP,NP,NP,NP,NP,NP,NP,NP,NA
NWT,GREEN LAKE 1,1995,1995-08-17,835,7.3,40.6,248.9,NP,NP,0.05,2.16,296.85,27.06,39.37,9.62,3.13,15.29,102.23,NP,70.99,375.11,369.55,0.01,NP,NP,NP,NP,17.45,NP,NP,NP,NP,NP,NP,NP,NP,NP,NP,NP,NP,NP,NP,NP,NA
NWT,GREEN LAKE 1,1995,1995-08-24,1315,7.37,40.3,251.75,NP,NP,0.04,1.38,291.91,27.72,40.8,9.54,3.22,13.82,102.43,NP,71.45,371.39,371.22,0,NP,NP,NP,NP,15.2,NP,NP,NP,NP,NP,NP,NP,NP,NP,NP,NP,NP,NP,NP,NP,NA
NWT,GREEN LAKE 1,1995,1995-08-31,840,7.23,40.6,252.9,NP,NP,0.06,1.34,294.93,28.13,45.93,9.54,3.1,12.84,106.1,NP,69.77,379.93,374.94,0.01,NP,NP,NP,NP,14.17,NP,NP,NP,NP,NP,NP,NP,NP,NP,NP,NP,NP,NP,NP,NP,NA
NWT,GREEN LAKE 1,1995,1995-09-07,850,7.35,38.7,257.39,NP,NP,0.04,2.04,289.68,27.89,47.19,9.28,3.67,11.69,110.14,NP,68.87,376.13,382.89,-0.01,NP,NP,NP,NP,13.73,NP,NP,NP,NP,NP,NP,NP,NP,NP,NP,NP,NP,NP,NP,NP,NA
NWT,GREEN LAKE 1,1995,1995-09-14,835,7.38,38.6,258.8,NP,NP,0.04,2.27,294.27,28.38,43.06,9.49,3.19,11.05,107.89,NP,69.87,377.51,380.92,0,NP,NP,NP,NP,13.32,NP,NP,NP,NP,NP,NP,NP,NP,NP,NP,NP,NP,NP,NP,NP,NA
NWT,GREEN LAKE 1,1995,1995-09-21,1245,7.16,39.2,261.14,NP,NP,0.07,2.07,292,28.38,45.28,9.72,3.41,11.14,108.58,NP,70.62,377.52,384.27,-0.01,NP,NP,NP,NP,13.21,NP,NP,NP,NP,NP,NP,NP,NP,NP,NP,NP,NP,NP,NP,NP,NA
NWT,GREEN LAKE 1,1995,1995-09-28,750,7.3,38.5,263.51,NP,NP,0.05,1.17,296.94,28.13,43.19,10.05,3.61,11.74,110.74,NP,71.79,379.54,389.6,-0.01,NP,NP,NP,NP,12.91,NP,NP,NP,NP,NP,NP,NP,NP,NP,NP,NP,NP,NP,NP,NP,NA
NWT,GREEN LAKE 1,1995,1995-10-05,815,7.28,42.4,262.96,NP,NP,0.05,1.81,292.04,29.49,41.76,9.41,3.3,12.84,113.86,NP,71.95,374.56,392.96,-0.02,NP,NP,NP,NP,14.64,NP,NP,NP,NP,NP,NP,NP,NP,NP,NP,NP,NP,NP,NP,NP,NA
NWT,GREEN LAKE 1,1995,1995-10-30,905,7.34,41.5,284.23,NP,NP,0.05,1.71,332.42,31.42,47.76,9.92,3.41,15.47,121.8,NP,77.99,423.28,424.91,0,NP,NP,NP,NP,17.17,NP,NP,NP,NP,NP,NP,NP,NP,NP,NP,NP,NP,NP,NP,NP,NA
NWT,GREEN LAKE 1,1996,1996-05-23,1450,6.98,35.9,208.57,NP,NP,0.1,0.34,266.93,27.23,32.62,8.29,3.27,20.51,109.3,NP,57.6,335.52,341.66,-0.01,27.63,26.12,1.51,5.26,20.86,0.28,0.24,NP,NP,NP,NP,NP,NP,NP,NP,NP,NP,NP,NP,NP,NA
NWT,GREEN LAKE 1,1996,1996-05-30,1455,7.05,41.6,234.18,NP,NP,0.09,0.5,299.7,30.6,37.84,9.26,3.7,22.9,125.9,NP,64.99,377.99,386.67,-0.01,33.15,33.99,NP,10.59,23.4,0.79,0.28,0.51,NP,NP,NP,NP,NP,NP,NP,NP,NP,NP,NP,NP,NA
NWT,GREEN LAKE 1,1996,1996-06-06,1430,7.03,32.5,177.96,NP,NP,0.09,0.75,232.48,23.53,30.36,8.08,3.81,20.58,98.94,NP,53.26,295.29,301.28,-0.01,29.8,27.84,1.96,6.52,21.33,0.32,0.18,0.14,NP,NP,NP,NP,NP,NP,NP,NP,NP,NP,NP,NP,NA
NWT,GREEN LAKE 1,1996,1996-06-13,820,7.1,42.3,238.75,NP,NP,0.08,0.2,305.35,30.44,48.33,9.18,4.4,21.14,131.81,NP,73.04,393.57,396.1,0,33.71,25.3,8.42,3.95,21.34,0.24,0.03,0.21,NP,NP,NP,NP,NP,NP,NP,NP,NP,NP,NP,NP,NA
NWT,GREEN LAKE 1,1996,1996-06-20,910,7.18,41.4,226.03,NP,NP,0.07,NP,289.73,28.46,40.02,8.62,3.55,20.22,123,NP,71.15,366.89,372.81,-0.01,22.73,22.78,NP,2.56,20.22,0.26,0.1,0.16,NP,NP,NP,NP,NP,NP,NP,NP,NP,NP,NP,NP,NA
NWT,GREEN LAKE 1,1996,1996-06-27,1215,6.99,38,223.58,NP,NP,0.1,0.51,277.79,26.41,36.89,8.54,3.3,19.03,117.22,NP,67.45,350.25,363.13,-0.02,19.75,20.19,NP,0.65,19.54,0.09,0.03,0.06,NP,NP,NP,NP,NP,NP,NP,NP,NP,NP,NP,NP,NA
NWT,GREEN LAKE 1,1996,1996-07-04,1200,7.11,36.3,203.8,NP,NP,0.08,0.13,265.24,26.24,41.45,8.36,3.67,16.81,107.89,NP,67.05,341.51,332.16,0.01,22.33,19.35,2.98,2.41,16.93,0.29,0.05,0.24,NP,NP,NP,NP,NP,NP,NP,NP,NP,NP,NP,NP,NA
NWT,GREEN LAKE 1,1996,1996-07-11,1405,7.24,35.6,223.24,NP,NP,0.06,0.19,241.91,24.43,42.24,8.23,3.84,14.69,103.77,NP,64,317.06,345.54,-0.04,21.81,14.89,6.92,0.01,14.88,0.29,0.27,0.02,NP,NP,NP,NP,NP,NP,NP,NP,NP,NP,NP,NP,NA
NWT,GREEN LAKE 1,1996,1996-07-18,1210,7.16,34.5,196.72,NP,NP,0.07,0.54,238.8,23.53,33.88,7.42,3.44,12.11,100.87,NP,66.68,304.23,313.15,-0.01,18.68,16.58,2.09,3.94,12.65,0.11,0.11,NP,NP,NP,NP,NP,NP,NP,NP,NP,NP,NP,NP,NP,NA
NWT,GREEN LAKE 1,1996,1996-07-25,1205,7.07,34.5,205.73,NP,NP,0.09,0.41,239.73,23.69,34.19,7.7,3.24,12.58,99.46,NP,72.34,305.8,321.01,-0.02,18.17,14.19,3.98,1.2,12.99,0.23,0.11,0.12,NP,NP,NP,NP,NP,NP,NP,NP,NP,NP,NP,NP,NA
NWT,GREEN LAKE 1,1996,1996-08-01,1220,7.21,34.4,216.29,NP,NP,0.06,1.13,242.85,23.77,34.75,7.34,3.61,11.64,96.96,NP,77.38,309.91,328.5,-0.03,18.61,13.71,4.9,0.94,12.77,0.2,0.11,0.1,NP,NP,NP,NP,NP,NP,NP,NP,NP,NP,NP,NP,NA
NWT,GREEN LAKE 1,1996,1996-08-08,755,7.04,35,223.8,NP,NP,0.09,1.81,237.33,24.19,36.71,7.34,3.61,10.85,93.11,NP,72,307.46,331.37,-0.04,14.81,13.26,1.55,0.6,12.66,0.23,0.07,0.16,NP,NP,NP,NP,NP,NP,NP,NP,NP,NP,NP,NP,NA
NWT,GREEN LAKE 1,1996,1996-08-15,840,7.25,39.3,236.9,NP,NP,0.06,0.96,241.2,26.16,35.28,8.47,3.38,11.79,98.1,NP,68.81,312.12,350.18,-0.06,19.55,16.56,2.98,3.82,12.75,0.07,0.07,NP,NP,NP,NP,NP,NP,NP,NP,NP,NP,NP,NP,NP,NA
NWT,GREEN LAKE 1,1996,1996-08-22,815,7.22,36.5,227.74,NP,NP,0.06,1.71,248.86,24.84,34.36,8.59,2.99,9.58,97.17,NP,67.68,318.43,337.48,-0.03,15.14,12.74,2.41,1.45,11.29,0.3,0.27,0.03,NP,NP,NP,NP,NP,NP,NP,NP,NP,NP,NP,NP,NA
NWT,GREEN LAKE 1,1996,1996-08-29,800,7.05,33.9,233.71,NP,NP,0.09,1.06,243.29,24.1,34.06,8.29,3.3,8.1,96.21,NP,67.26,310.89,341.32,-0.05,36.3,13.42,22.89,4.26,9.15,0.65,0.29,0.36,NP,NP,NP,NP,NP,NP,NP,NP,NP,NP,NP,NP,NA
NWT,GREEN LAKE 1,1996,1996-09-10,1345,7.01,35,225.04,NP,NP,0.1,1.92,244.36,25.26,36.19,8.85,4.48,7.42,101.85,NP,67.87,316.68,338.79,-0.03,17.34,14.74,2.6,5.4,9.34,0.43,0.26,0.17,NP,NP,NP,NP,NP,NP,NP,NP,NP,NP,NP,NP,NA
NWT,GREEN LAKE 1,1996,1996-09-24,1300,7.33,34,213.23,NP,NP,0.05,0.71,242.76,24.19,34.19,7.98,2.76,7.55,95.69,NP,65.61,309.88,319.23,-0.01,16.06,15.89,0.17,7.63,8.26,0.34,0.22,0.13,NP,NP,NP,NP,NP,NP,NP,NP,NP,NP,NP,NP,NA
NWT,GREEN LAKE 1,1997,1997-05-29,950,6.78,32.7,189.72,NP,NP,0.17,1.96,212.22,21.64,26.14,7.14,3.22,16.24,95.25,NP,51.63,269.26,304.43,-0.06,NP,NP,NP,NP,18.2,NP,NP,NP,NP,NP,NP,NP,NP,NP,NP,NP,NP,NP,NP,NP,NA
NWT,GREEN LAKE 1,1997,1997-06-05,1455,7.1,39.7,247.44,NP,NP,0.08,0.66,289.06,28.96,36.28,8.62,4.57,11.4,120.94,NP,64.8,363.65,384.35,-0.03,NP,NP,NP,NP,12.06,NP,NP,NP,NP,NP,NP,NP,NP,NP,NP,NP,NP,NP,NP,NP,NA
NWT,GREEN LAKE 1,1997,1997-06-12,1415,7.09,39.6,234.37,NP,NP,0.08,0.05,277.66,27.48,34.15,7.72,4.46,15.45,116.26,NP,65.32,347.14,370.54,-0.03,NP,NP,NP,NP,15.5,NP,NP,NP,NP,NP,NP,NP,NP,NP,NP,NP,NP,NP,NP,NP,NA
NWT,GREEN LAKE 1,1997,1997-06-19,1305,7.24,39.1,229.67,NP,NP,0.06,0.51,288.75,27.15,33.23,7.88,4.43,16.34,113.07,NP,67.44,357.57,363.51,-0.01,NP,NP,NP,NP,16.85,NP,NP,NP,NP,NP,NP,NP,NP,NP,NP,NP,NP,NP,NP,NP,NA
NWT,GREEN LAKE 1,1997,1997-06-26,1255,7.31,38.7,227.84,NP,NP,0.05,3.09,268.18,26.9,34.62,8.18,4.34,14.85,105.91,NP,65.32,341.03,352.95,-0.02,NP,NP,NP,NP,17.95,NP,NP,NP,NP,NP,NP,NP,NP,NP,NP,NP,NP,NP,NP,NP,NA
NWT,GREEN LAKE 1,1997,1997-07-03,900,7.29,37.2,223.66,NP,NP,0.05,1.78,256.74,26.24,38.67,7.9,4.09,13.31,101.85,NP,63.37,331.38,342.91,-0.02,NP,NP,NP,NP,15.08,NP,NP,NP,NP,NP,NP,NP,NP,NP,NP,NP,NP,NP,NP,NP,NA
NWT,GREEN LAKE 1,1997,1997-07-10,825,7.19,37.7,227.6,NP,NP,0.06,1.3,264.04,26.57,35.02,7.8,3.89,11.45,100.19,NP,62.34,334.79,343.13,-0.01,NP,NP,NP,NP,12.75,NP,NP,NP,NP,NP,NP,NP,NP,NP,NP,NP,NP,NP,NP,NP,NA
NWT,GREEN LAKE 1,1997,1997-07-17,756,7.37,36.8,230.04,NP,NP,0.04,0.76,266.27,25.58,39.02,8.06,3.67,10.45,99,NP,61.75,339.73,343.16,-0.01,NP,NP,NP,NP,11.21,NP,NP,NP,NP,NP,NP,NP,NP,NP,NP,NP,NP,NP,NP,NP,NA
NWT,GREEN LAKE 1,1997,1997-07-24,1240,7.23,36,228.9,NP,NP,0.06,0.81,246.86,24.76,34.41,7.57,3.64,9.4,98.65,NP,61.77,314.46,340.59,-0.04,NP,NP,NP,NP,10.21,NP,NP,NP,NP,NP,NP,NP,NP,NP,NP,NP,NP,NP,NP,NP,NA
NWT,GREEN LAKE 1,1997,1997-07-31,755,7.56,35.7,239.37,NP,NP,0.03,0.59,256.16,24.6,35.02,7.57,3.5,7.84,95.08,NP,58.14,323.96,345.79,-0.03,NP,NP,NP,NP,8.43,NP,NP,NP,NP,NP,NP,NP,NP,NP,NP,NP,NP,NP,NP,NP,NA
NWT,GREEN LAKE 1,1997,1997-08-07,840,7.14,36.2,229.15,NP,NP,0.07,0.76,246.05,23.77,33.93,7.93,4.29,6.9,89.96,NP,57.13,312.51,330.3,-0.03,NP,NP,NP,NP,7.66,NP,NP,NP,NP,NP,NP,NP,NP,NP,NP,NP,NP,NP,NP,NP,NA
NWT,GREEN LAKE 1,1997,1997-08-14,830,7.35,35.1,232.83,NP,NP,0.04,0.98,253.62,25.09,33.67,7.93,4.23,7.1,94.31,NP,59.18,321.33,338.47,-0.03,NP,NP,NP,NP,8.07,NP,NP,NP,NP,NP,NP,NP,NP,NP,NP,NP,NP,NP,NP,NP,NA
NWT,GREEN LAKE 1,1997,1997-08-21,810,7.13,36,233.42,NP,NP,0.07,0.51,239.69,23.28,35.67,8.57,4.29,7.6,96.54,NP,60.12,307.79,341.85,-0.05,NP,NP,NP,NP,8.11,NP,NP,NP,NP,NP,NP,NP,NP,NP,NP,NP,NP,NP,NP,NP,NA
NWT,GREEN LAKE 1,1997,1997-08-28,825,7.42,36.6,241.56,NP,NP,0.04,0.94,253.13,25.17,37.58,9.03,4.01,8.14,95.21,NP,63.74,325.9,348.92,-0.03,NP,NP,NP,NP,9.09,NP,NP,NP,NP,NP,NP,NP,NP,NP,NP,NP,NP,NP,NP,NP,NA
NWT,GREEN LAKE 1,1997,1997-09-04,800,7.5,37,251.19,NP,NP,0.03,1.31,255.89,25.17,37.67,8.93,3.5,7.18,97.85,NP,62.24,329.01,359.72,-0.04,NP,NP,NP,NP,8.49,NP,NP,NP,NP,NP,NP,NP,NP,NP,NP,NP,NP,NP,NP,NP,NA
NWT,GREEN LAKE 1,1997,1997-09-11,830,7.54,36.6,243.16,NP,NP,0.03,0.51,254.56,25.17,39.32,8.93,3.36,6.06,99.04,NP,63.43,328.51,351.62,-0.03,NP,NP,NP,NP,6.57,NP,NP,NP,NP,NP,NP,NP,NP,NP,NP,NP,NP,NP,NP,NP,NA
NWT,GREEN LAKE 1,1997,1997-09-18,820,7.43,38.1,265.01,NP,NP,0.04,0.57,259.14,26.41,36.54,8.41,3.05,6.97,98.27,NP,66.3,331.11,373.29,-0.06,NP,NP,NP,NP,7.54,NP,NP,NP,NP,NP,NP,NP,NP,NP,NP,NP,NP,NP,NP,NP,NA
NWT,GREEN LAKE 1,1997,1997-09-25,825,7.34,38.1,245.35,NP,NP,0.05,1.02,267.47,25.09,38.71,8.41,3.07,6.29,96.88,NP,63.29,340.75,351.59,-0.02,NP,NP,NP,NP,7.31,NP,NP,NP,NP,NP,NP,NP,NP,NP,NP,NP,NP,NP,NP,NP,NA
NWT,GREEN LAKE 1,1997,1997-10-02,810,7.34,37.5,251.28,NP,NP,0.05,1.55,267.47,24.02,39.32,8.75,3.02,6.63,97.96,NP,64.05,341.15,358.88,-0.03,NP,NP,NP,NP,8.18,NP,NP,NP,NP,NP,NP,NP,NP,NP,NP,NP,NP,NP,NP,NP,NA
NWT,GREEN LAKE 1,1997,1997-10-09,745,7.37,39.6,255.33,NP,NP,0.04,0.81,272.19,25.42,42.45,8.47,3.1,7.19,101,NP,65.33,349.38,366.62,-0.02,NP,NP,NP,NP,8.01,NP,NP,NP,NP,NP,NP,NP,NP,NP,NP,NP,NP,NP,NP,NP,NA
NWT,GREEN LAKE 1,1998,1998-05-28,1340,7.12,45.5,315.56,NP,NP,0.08,1.86,333.35,32.66,45.8,9.72,4.2,12.64,121.78,NP,60.12,423.47,454.18,-0.03,16.58,14.76,1.81,0.26,14.51,0.06,0.06,0.01,0.06,NP,NP,NP,NP,NP,NP,NP,NP,NP,NP,NP,NA
NWT,GREEN LAKE 1,1998,1998-06-04,1300,7.34,44.6,288.01,NP,NP,0.05,0.3,329.26,31.34,42.24,9.67,3.84,13.69,127.48,NP,60.54,412.85,433.02,-0.02,17.83,14.61,3.23,0.61,13.99,0.15,NP,0.15,NP,NP,NP,NP,NP,NP,NP,NP,NP,NP,0.92,NP,NA
NWT,GREEN LAKE 1,1998,1998-06-11,1320,7.22,44.2,282.55,NP,NP,0.06,0.56,320.46,31.42,41.06,9.67,3.89,13.31,127.79,NP,62.67,403.23,427.54,-0.03,17.56,16.16,1.41,2.29,13.86,0.09,0.09,NP,0.09,NP,-16.6,NP,NP,NP,NP,NP,NP,NP,1.07,NP,NA
NWT,GREEN LAKE 1,1998,1998-06-18,915,7.13,41.4,264.98,NP,NP,0.07,NP,308.78,29.29,39.19,9.54,3.78,15.01,121.63,NP,63.22,386.87,405.4,-0.02,16.3,15.98,0.32,0.96,15.01,0.12,0.1,0.02,0.1,NP,NP,NP,NP,NP,NP,NP,NP,NP,1.57,NP,NA
NWT,GREEN LAKE 1,1998,1998-06-25,1325,6.98,40.9,269.65,NP,NP,0.1,NP,296.27,28.38,38.63,9.33,4.09,13.29,120.38,NP,68.6,372.72,407.41,-0.04,15.41,13.83,1.58,0.54,13.29,0.11,NP,0.11,NP,NP,-16.6,NP,NP,NP,NP,NP,NP,NP,0.86,NP,NA
NWT,GREEN LAKE 1,1998,1998-07-02,755,7.12,40.2,265.47,NP,NP,0.08,1.16,293.95,28.05,39.32,9.36,3.61,12.68,118.72,NP,70.21,371.92,400.47,-0.04,15.19,14.93,0.26,1.1,13.83,0.17,0.07,0.1,0.07,NP,NP,NP,NP,NP,NP,NP,NP,NP,1.09,NP,NA
NWT,GREEN LAKE 1,1998,1998-07-09,800,6.91,40.9,266.86,NP,NP,0.12,0.59,299.3,27.72,38.23,9.03,3.53,11.68,114.11,NP,72.89,374.99,396.18,-0.03,15.87,12.59,3.28,0.33,12.26,0.19,0.15,0.04,0.15,NP,NP,NP,NP,NP,NP,NP,NP,NP,1.02,NP,NA
NWT,GREEN LAKE 1,1998,1998-07-16,815,7.07,40.7,257.68,NP,NP,0.09,0.07,296,28.79,39.32,9.08,3.47,11.64,115.49,NP,63.89,373.35,388.28,-0.02,14.19,14.19,NP,2.48,11.72,NP,NP,NP,NP,NP,NP,NP,NP,NP,NP,NP,NP,NP,0.97,NP,NA
NWT,GREEN LAKE 1,1998,1998-07-23,1240,7.15,39.8,265.96,NP,NP,0.07,0.77,297.65,28.63,39.37,9.08,3.36,11.56,114.78,NP,64.96,375.56,395.66,-0.03,14.69,13.66,1.03,1.33,12.33,0.27,0.17,0.1,0.17,NP,NP,NP,NP,NP,NP,NP,NP,NP,NP,NP,NA
NWT,GREEN LAKE 1,1998,1998-07-30,815,7.05,39.1,261.68,NP,NP,0.09,0.95,294.8,28.55,39.5,9.26,3.22,10.92,113.05,NP,65.16,373.14,388.87,-0.02,14.74,13.76,0.97,1.9,11.87,0.31,0.13,0.18,0.13,NP,NP,NP,NP,NP,NP,NP,NP,NP,NP,NP,NA
NWT,GREEN LAKE 1,1998,1998-08-06,810,6.99,39,260.52,NP,NP,0.1,NP,292.17,28.46,38.67,9.18,3.16,10.63,111.99,NP,66.67,368.59,386.3,-0.02,14.45,12.9,1.55,2.27,10.63,0.16,0.11,0.05,0.11,NP,NP,NP,NP,NP,NP,NP,NP,NP,NP,NP,NA
NWT,GREEN LAKE 1,1998,1998-08-13,800,7.18,39.1,264.32,NP,NP,0.07,0.99,289.41,28.3,39.02,9.44,3.41,10.69,111.57,NP,64.64,367.22,390,-0.03,13.27,11.99,1.27,0.31,11.69,NP,NP,NP,NP,NP,NP,NP,NP,NP,NP,NP,NP,NP,NP,NP,NA
NWT,GREEN LAKE 1,1998,1998-08-20,810,7.2,40.2,273.71,NP,NP,0.06,0.97,292.8,29.12,40.02,9.9,3.41,11.34,111.64,NP,68.08,372.87,400.1,-0.04,11.74,11.93,NP,NP,12.31,0.03,NP,0.03,NP,NP,NP,NP,NP,NP,NP,NP,NP,NP,NP,NP,NA
NWT,GREEN LAKE 1,1998,1998-08-27,840,6.94,39.9,267.96,NP,NP,0.11,1.16,291.51,29.04,40.37,9.95,3.38,11.02,113.97,NP,65.16,372.13,396.33,-0.03,14.88,14.04,0.84,1.86,12.17,0.1,0.1,NP,0.1,NP,NP,NP,NP,NP,NP,NP,NP,NP,0.66,NP,NA
NWT,GREEN LAKE 1,1998,1998-09-03,915,6.99,39.8,265.63,NP,NP,0.1,2.1,309.09,29.12,40.54,9.67,3.53,9.29,117.88,NP,65.99,390.62,396.33,-0.01,12.67,10.59,2.08,NP,11.39,0.13,0.06,0.06,0.06,NP,NP,NP,NP,NP,NP,NP,NP,NP,NP,NP,NA
NWT,GREEN LAKE 1,1998,1998-09-10,825,7,40.9,270.16,NP,NP,0.1,1.49,306.28,29.45,41.15,9.79,3.33,8.87,116.36,NP,66.12,388.26,398.72,-0.01,14.27,12.27,2.01,1.91,10.36,0.11,0.05,0.06,0.05,NP,NP,NP,NP,NP,NP,NP,NP,NP,0.94,NP,NA
NWT,GREEN LAKE 1,1998,1998-09-17,1330,7.18,42.1,276.91,NP,NP,0.07,1.74,318.57,29.12,42.45,10.31,3.72,8.9,117.61,NP,66.41,402.26,407.15,-0.01,13.53,13.97,NP,3.33,10.64,0.05,0.1,NP,0.1,NP,NP,NP,NP,NP,NP,NP,NP,NP,NP,NP,NA
NWT,GREEN LAKE 1,1998,1998-09-24,825,7.14,42.1,281.36,NP,NP,0.07,0.94,321.38,29.78,42.5,10.1,3.47,9.66,119.49,NP,66.52,404.77,413.98,-0.01,14.94,14.74,0.2,4.14,10.6,0.1,0.1,NP,0.1,NP,NP,NP,NP,NP,NP,NP,NP,NP,0.75,NP,NA
NWT,GREEN LAKE 1,1998,1998-10-01,825,7.12,42.6,284.43,NP,NP,0.08,NP,321.06,29.7,42.85,10.23,3.41,9.47,118.99,NP,66.62,403.91,416.3,-0.02,14.6,13.26,1.34,3.79,9.47,1.58,0.26,1.32,0.26,NP,NP,NP,NP,NP,NP,NP,NP,NP,NP,NP,NA
NWT,GREEN LAKE 1,1998,1998-10-08,1205,6.99,42.7,277.83,NP,NP,0.1,1.28,316.17,30.11,43.98,10.05,3.75,10.22,121.23,NP,66.4,401.68,413.04,-0.01,15.93,13.26,2.67,1.75,11.5,0.35,0.07,0.28,0.07,NP,NP,NP,NP,NP,NP,NP,NP,NP,NP,NP,NA
NWT,GREEN LAKE 1,1998,1998-10-22,750,7.04,48.3,325,NP,NP,0.09,3.56,336.69,35.13,47.02,11.3,4.71,13.05,121.82,0.17,72.97,433.79,464.58,-0.03,20.84,19.24,1.6,2.63,16.61,0.17,0.06,0.1,0.01,0.06,NP,NP,NP,NP,NP,NP,NP,NP,1.55,NP,NA
NWT,GREEN LAKE 1,1999,1999-06-03,1340,6.98,36.1,201.45,NP,NP,0.1,1.58,266.75,27.72,33.58,9.08,3.7,21.4,118.19,NP,59.14,338.83,344.74,-0.01,22.41,22.47,NP,NP,22.99,0.09,0.09,NP,0.09,NP,NP,NP,NP,NP,NP,NP,NP,NP,NP,NP,NA
NWT,GREEN LAKE 1,1999,1999-06-10,1300,6.91,36,210.71,NP,NP,0.12,1.35,255.49,25.91,33.84,8.23,3.81,16.77,111.07,NP,52.39,324.95,342.37,-0.03,20.45,22.22,NP,4.1,18.12,0.11,0.08,0.03,0.08,NP,NP,NP,NP,NP,NP,NP,NP,NP,NP,NP,NA
NWT,GREEN LAKE 1,1999,1999-06-24,1350,7.05,45.6,281.41,NP,NP,0.09,0.72,323.07,30.27,41.98,9.36,4.6,14.51,131.87,NP,67.75,405.49,432.4,-0.03,19.8,18.57,1.24,3.33,15.24,0.2,NP,0.2,NP,NP,NP,NP,NP,NP,NP,NP,NP,NP,NP,NP,NA
NWT,GREEN LAKE 1,1999,1999-07-01,1345,7.05,43.8,267.73,NP,NP,0.09,1.68,307.62,28.96,40.19,8.59,3.53,14.42,126.98,NP,66.92,387.14,412.66,-0.03,18.88,16.29,2.59,0.19,16.1,0.14,0.04,0.09,0.04,NP,NP,NP,NP,NP,NP,NP,NP,NP,NP,NP,NA
NWT,GREEN LAKE 1,1999,1999-07-08,1300,6.87,41.9,264.44,NP,NP,0.13,0.62,310.16,28.22,40.54,8.9,3.55,13.06,122.01,NP,64.7,388.57,403.06,-0.02,16.97,16.41,0.56,2.73,13.68,0.1,0.1,NP,0.1,NP,NP,NP,NP,NP,NP,NP,NP,NP,NP,NP,NA
NWT,GREEN LAKE 1,1999,1999-07-15,1220,7.02,41.8,266.26,NP,NP,0.1,0.59,313.76,28.55,40.58,8.49,3.64,11.58,120.3,NP,65.93,392.06,401.78,-0.01,15.37,14.94,0.43,2.78,12.17,0.14,0.11,0.03,0.11,NP,NP,NP,NP,NP,NP,NP,NP,NP,NP,NP,NA
NWT,GREEN LAKE 1,1999,1999-07-22,1300,7.1,41.7,266.11,NP,NP,0.08,0.39,308.47,28.71,41.06,9.44,3.75,9.89,118.72,NP,65.1,388.15,398.46,-0.01,14.46,12.08,2.38,1.8,10.28,0.21,NP,0.21,NP,NP,NP,NP,NP,NP,NP,NP,NP,NP,NP,NP,NA
NWT,GREEN LAKE 1,1999,1999-07-29,1215,7,40.65,262.2,NP,NP,0.1,0.31,300.54,26.98,39.89,8.9,3.55,8.9,118.36,NP,63.62,376.73,393.02,-0.02,12.59,11.24,1.34,2.03,9.22,0.13,0.06,0.06,0.06,NP,NP,NP,NP,NP,NP,NP,NP,NP,NP,NP,NA
NWT,GREEN LAKE 1,1999,1999-08-05,1230,7.06,40.1,253.65,NP,NP,0.09,1.29,297.69,26.9,39.37,8.44,3.53,8.32,117.11,NP,62.59,373.77,382.61,-0.01,13.08,11.65,1.43,2.04,9.61,0.18,0.05,0.13,0.05,NP,NP,NP,NP,NP,NP,NP,NP,NP,NP,NP,NA
NWT,GREEN LAKE 1,1999,1999-08-12,1300,7.09,41.2,259.76,NP,NP,0.08,1.44,303.3,27.89,40.5,9.28,3.72,9.32,117.2,NP,64.41,382.49,390,-0.01,14.28,11.96,2.32,1.2,10.76,0.15,NP,0.15,NP,NP,NP,NP,NP,NP,NP,NP,NP,NP,NP,NP,NA
NWT,GREEN LAKE 1,1999,1999-08-19,1300,7.12,42.3,270.17,NP,NP,0.08,1.18,302.41,27.23,40.5,9.74,4.26,8.56,117.54,NP,64.07,381.14,400.53,-0.02,14.47,12.7,1.77,2.96,9.74,0.13,NP,0.13,NP,NP,NP,NP,NP,NP,NP,NP,NP,NP,NP,NP,NA
NWT,GREEN LAKE 1,1999,1999-08-26,1205,7,42.1,268.7,NP,NP,0.1,2.03,303.7,27.72,42.41,9.69,4.46,7.34,117.28,NP,61.2,385.66,397.77,-0.02,12.88,10.99,1.89,1.62,9.37,0.38,0.1,0.28,0.1,NP,NP,NP,NP,NP,NP,NP,NP,NP,NP,NP,NA
NWT,GREEN LAKE 1,1999,1999-09-02,1215,6.99,42.5,270.42,NP,NP,0.1,0.48,308.11,28.55,42.45,9.23,3.61,6.81,118.07,NP,60.53,388.92,398.91,-0.01,14.99,11.4,3.59,4.12,7.28,0.36,0.11,0.26,0.11,NP,NP,NP,NP,NP,NP,NP,NP,NP,NP,NP,NA
NWT,GREEN LAKE 1,1999,1999-09-07,1200,7.25,42.6,270.6,NP,NP,0.06,NP,312.03,29.2,42.32,8.85,3.41,7.55,118.53,NP,62.65,392.46,400.09,-0.01,11.03,10.32,0.71,2.78,7.55,0.11,NP,0.11,NP,NP,NP,NP,NP,NP,NP,NP,NP,NP,NP,NP,NA
NWT,GREEN LAKE 1,1999,1999-09-14,1240,7.3,43.6,278.84,NP,NP,0.05,1.46,318.13,28.63,43.06,10.05,4.48,6.42,119.47,NP,61.11,401.38,409.21,-0.01,13.66,10.92,2.74,3.03,7.88,0.16,NP,0.16,NP,NP,NP,NP,NP,NP,NP,NP,NP,NP,NP,NP,NA
NWT,GREEN LAKE 1,1999,1999-09-21,1300,7.18,44.1,282.54,NP,NP,0.07,1.44,318.13,28.96,42.15,9.95,4.06,6.6,121.48,NP,60.87,400.68,414.68,-0.02,12.38,11.74,0.64,3.71,8.03,0.08,NP,0.08,NP,NP,NP,NP,NP,NP,NP,NP,NP,NP,NP,NP,NA
NWT,GREEN LAKE 1,1999,1999-09-28,1100,7.38,44.2,282.55,NP,NP,0.04,NP,318.13,29.04,42.15,9.95,3.92,6.87,123.19,NP,60,399.3,416.53,-0.02,10.83,10.71,0.12,3.84,6.87,0.15,0.17,NP,0.17,NP,NP,NP,NP,NP,NP,NP,NP,NP,NP,NP,NA
NWT,GREEN LAKE 1,1999,1999-10-05,1300,7.09,43.9,291.29,NP,NP,0.08,NP,332.28,30.19,44.19,9.69,4.82,7.42,125.86,NP,60.8,416.44,429.39,-0.02,12.4,13.29,NP,5.87,7.42,0.08,0.08,NP,0.08,NP,NP,NP,NP,NP,NP,NP,NP,NP,NP,NP,NA
NWT,GREEN LAKE 1,1999,1999-10-12,1125,7.04,44.4,296.14,NP,NP,0.09,1.02,333.17,30.19,43.72,9.69,4.43,8.08,125.63,NP,60.72,417.88,434.28,-0.02,11.14,11.12,0.03,2.02,9.1,0.2,0.11,0.09,0.11,NP,NP,NP,NP,NP,NP,NP,NP,NP,NP,NP,NA
NWT,GREEN LAKE 1,1999,1999-10-26,950,7.29,48.2,302.62,NP,NP,0.05,0.83,340.38,32.99,44.89,9.69,4.15,8.9,130.56,NP,60.15,428.83,446.23,-0.02,15.11,12.27,2.85,2.53,9.73,0.15,0.14,0.01,0.14,NP,NP,NP,NP,NP,NP,NP,NP,NP,NP,NP,NA
NWT,GREEN LAKE 1,1999,1999-11-09,1035,7.47,48.5,325.69,NP,NP,0.03,1,369.5,32.91,46.67,10.54,4.2,9.85,136.58,NP,59.16,460.65,476.33,-0.02,13.96,13.62,0.34,2.77,10.85,0.17,0.11,0.06,0.11,NP,NP,NP,NP,NP,NP,NP,NP,NP,NP,NP,NA
NWT,GREEN LAKE 1,1999,1999-11-23,1030,7.26,49.4,334.52,NP,NP,0.05,0.84,387.66,33.89,48.8,10.87,4.15,10.74,139.58,NP,60.3,482.12,488.98,-0.01,16.72,15.21,1.51,3.63,11.58,0.16,0.15,0.01,0.15,NP,NP,NP,NP,NP,NP,NP,NP,NP,NP,NP,NA
NWT,GREEN LAKE 1,2000,2000-05-18,1115,7.25,50.6,313.29,NP,NP,0.06,0.27,381.52,36.19,45.45,9.03,4.03,9.48,141.56,NP,50.72,472.51,468.36,0,NP,9.18,NP,NP,9.75,NP,NP,NP,NP,NP,-15.16,NP,NP,NP,NP,NP,NP,NP,NP,NP,NA
NWT,GREEN LAKE 1,2000,2000-05-25,1330,7.12,48.6,277.36,NP,NP,0.08,NP,360.73,34.01,43.15,8.49,4.03,10.71,141.51,NP,49.63,446.45,433.62,0.01,NP,NP,NP,NP,10.71,0.09,NP,0.09,NP,NP,-15.34,NP,NP,NP,NP,NP,NP,NP,NP,NP,NA
NWT,GREEN LAKE 1,2000,2000-06-01,1345,7.12,46.2,278.23,NP,NP,0.08,0.36,354.05,32.63,43.17,8,4.23,12.87,143.75,NP,51,438.29,439.08,0,NP,NP,NP,NP,13.23,0.09,NP,0.09,NP,NP,-15.68,NP,NP,NP,NP,NP,NP,NP,NP,NP,NA
NWT,GREEN LAKE 1,2000,2000-06-08,1300,7.22,45.2,264.13,NP,NP,0.06,NP,345.86,30.67,42.67,9.54,4.03,12.42,140.43,NP,51.48,428.8,421.01,0.01,NP,NP,NP,NP,12.42,NP,NP,NP,NP,NP,NP,NP,NP,NP,NP,NP,NP,NP,NP,NP,NA
NWT,GREEN LAKE 1,2000,2000-06-15,1430,7.07,45.2,273.48,NP,NP,0.09,0.64,337.96,31.57,40.15,9.28,3.84,12.81,138.47,NP,54.64,419.68,428.6,-0.01,NP,17.01,NP,3.57,13.44,0.15,NP,0.15,NP,NP,-16.04,NP,NP,NP,NP,NP,NP,NP,NP,NP,NA
NWT,GREEN LAKE 1,2000,2000-06-22,1315,7.11,43.8,259.89,NP,NP,0.08,0.68,335.62,30.4,41.15,9.36,3.86,11.34,137.14,NP,52.48,417.29,412.23,0.01,NP,13.18,NP,1.16,12.02,NP,NP,NP,NP,NP,-16.01,NP,NP,NP,NP,NP,NP,NP,NP,NP,NA
NWT,GREEN LAKE 1,2000,2000-06-29,1300,7.24,44.2,263.87,NP,NP,0.06,0.39,320.98,30.22,41.93,8.36,3.58,11.27,133.58,NP,50.21,401.93,412.31,-0.01,NP,11.65,NP,NP,11.66,0.07,NP,0.07,NP,NP,NP,NP,NP,NP,NP,NP,NP,NP,NP,NP,NA
NWT,GREEN LAKE 1,2000,2000-07-06,1300,7.29,42.8,244.93,NP,NP,0.05,0.96,322.04,30.35,40.67,8.87,3.78,11.22,132.21,NP,50.67,402.94,392.14,0.01,NP,15.22,NP,3.03,12.18,NP,NP,NP,NP,NP,-16,NP,NP,NP,NP,NP,NP,NP,NP,NP,NA
NWT,GREEN LAKE 1,2000,2000-07-13,1255,7.06,43.1,294.16,NP,NP,0.09,0.33,326.45,30.4,41.5,8.75,4.01,10.26,131.29,NP,50.56,407.51,439.71,-0.04,NP,10.44,NP,NP,10.59,0.13,0.08,0.05,0.08,NP,-15.93,NP,NP,NP,NP,NP,NP,NP,NP,NP,NA
NWT,GREEN LAKE 1,2000,2000-07-20,1335,6.92,43.4,280.96,NP,NP,0.12,1.06,324.27,31.61,42.41,9.1,3.86,10.48,130,NP,53.21,408.57,425.31,-0.02,NP,NP,NP,NP,11.55,0.06,NP,0.06,NP,NP,NP,NP,NP,NP,NP,NP,NP,NP,NP,NP,NA
NWT,GREEN LAKE 1,2000,2000-07-27,1325,7.12,43.8,300.91,NP,NP,0.08,0.49,324.45,31.49,42.67,10.54,3.84,10.77,129.4,NP,54.14,409.71,444.92,-0.04,NP,24.11,NP,12.85,11.26,NP,NP,NP,NP,NP,-15.91,NP,NP,NP,NP,NP,NP,NP,NP,NP,NA
NWT,GREEN LAKE 1,2000,2000-08-10,1240,7.18,43.9,283.17,NP,NP,0.07,1.37,328.68,31.07,42.45,10.46,3.81,7.73,131.67,NP,46.91,414.1,426.37,-0.01,NP,16.43,NP,7.33,9.1,NP,NP,NP,NP,NP,-15.54,NP,NP,NP,NP,NP,NP,NP,NP,NP,NA
NWT,GREEN LAKE 1,2000,2000-08-24,1350,7.23,45,304.35,NP,NP,0.06,0.87,331.39,30.51,44.28,11.1,4.77,6.85,132.17,NP,45.15,418.21,448.14,-0.03,NP,17.75,NP,10.03,7.73,0.1,NP,0.1,NP,NP,-15.08,NP,NP,NP,NP,NP,NP,NP,NP,NP,NA
NWT,GREEN LAKE 1,2000,2000-09-07,1255,6.82,44,304.7,NP,NP,0.15,1.2,339.98,31.24,43.76,8.82,3.84,6.45,129.44,NP,42.74,425.15,444.42,-0.02,NP,10.06,NP,2.41,7.65,0.09,0.09,NP,0.09,NP,NP,NP,NP,NP,NP,NP,NP,NP,NP,NP,NA
NWT,GREEN LAKE 1,2000,2000-09-21,1220,7.13,43.3,306.27,NP,NP,0.07,0.94,341.9,31.28,44.19,9.16,3.86,6.53,127.04,NP,37.75,427.55,443.71,-0.02,NP,9.2,NP,1.72,7.47,0.08,0.05,0.03,0.05,NP,-14.39,NP,NP,NP,NP,NP,NP,NP,NP,NP,NA
NWT,GREEN LAKE 1,2000,2000-10-05,1155,7.09,45.1,310.36,NP,NP,0.08,1.58,339.81,32.42,44.58,8.49,3.86,7.48,130.62,NP,33.89,426.96,452.33,-0.03,NP,NP,NP,NP,9.06,0.09,0.06,0.03,0.06,NP,-14.03,NP,NP,NP,NP,NP,NP,NP,NP,NP,NA
NWT,GREEN LAKE 1,2000,2000-10-19,930,7.17,46.6,317.8,NP,NP,0.07,1.09,347.46,31.98,45.59,10.41,3.84,8.11,131.81,0.18,32.67,436.6,461.74,-0.03,NP,8.38,NP,NP,9.2,0.06,0.07,NP,0.01,0.06,-13.96,NP,NP,NP,NP,NP,NP,NP,NP,NP,NA
NWT,GREEN LAKE 1,2000,2000-10-26,1000,6.91,46.6,319.74,NP,NP,0.12,0.89,352.14,32.07,45.63,10.1,3.81,8.4,133.37,NP,31.98,440.96,465.32,-0.03,NP,NP,NP,NP,9.29,NP,NP,NP,NP,NP,-13.97,NP,NP,NP,NP,NP,NP,NP,NP,NP,NA
NWT,GREEN LAKE 1,2001,2001-05-17,1005,7,51.6,344.6,NP,NP,0.1,1.16,380.23,35.72,46.8,10.13,4.29,9.84,145.68,NP,24.72,474.13,504.4,-0.03,NP,12.1,NP,1.1,10.99,0.2,NP,0.2,NP,NP,-15.08,NP,NP,NP,NP,NP,NP,NP,NP,NP,NA
NWT,GREEN LAKE 1,2001,2001-05-24,1245,7.17,46.75,278.42,NP,NP,0.07,0.91,341.23,32.2,40.41,9.13,4.09,14.98,143.32,NP,30.98,423.94,440.82,-0.02,NP,NP,NP,NP,15.89,NP,NP,NP,NP,NP,-15.01,NP,NP,NP,NP,NP,NP,NP,NP,NP,NA
NWT,GREEN LAKE 1,2001,2001-05-31,1330,7.13,50.1,315.33,NP,NP,0.07,NP,368.34,34.38,44.45,8.95,4.06,13.79,153.34,NP,31.03,456.2,486.52,-0.03,NP,13.57,NP,NP,13.79,0.11,NP,0.11,NP,NP,-14.8,NP,NP,NP,NP,NP,NP,NP,NP,NP,NA
NWT,GREEN LAKE 1,2001,2001-06-07,1310,7.13,46.1,282.93,NP,NP,0.07,NP,335.58,31.44,41.41,8.41,3.81,13.97,144.53,NP,33.14,416.92,445.24,-0.03,NP,12.83,NP,NP,13.97,0.08,0.06,0.02,0.06,NP,-15.17,NP,NP,NP,NP,NP,NP,NP,NP,NP,NA
NWT,GREEN LAKE 1,2001,2001-06-14,905,7.1,46,278.98,NP,NP,0.08,NP,338.43,30.9,40.97,8.87,3.67,14.16,144.91,NP,33.72,419.25,441.71,-0.03,NP,13.45,NP,NP,14.16,0.08,NP,0.08,NP,NP,-15.39,NP,NP,NP,NP,NP,NP,NP,NP,NP,NA
NWT,GREEN LAKE 1,2001,2001-06-21,1255,7.11,45.7,268.83,NP,NP,0.08,NP,340.21,31.51,41.15,8.64,3.89,13.05,144.76,NP,34.33,421.58,430.53,-0.01,NP,16.1,NP,3.06,13.05,0.16,0.1,0.06,0.1,NP,NP,NP,NP,NP,NP,NP,NP,NP,NP,NP,NA
NWT,GREEN LAKE 1,2001,2001-06-28,1330,7.18,44.5,270.83,NP,NP,0.07,NP,339.49,30.85,43.06,9.31,4.4,13.29,144.62,NP,34.4,422.78,433.14,-0.01,NP,12.14,NP,NP,13.29,NP,NP,NP,NP,NP,NP,NP,NP,NP,NP,NP,NP,NP,NP,NP,NA
NWT,GREEN LAKE 1,2001,2001-07-05,1300,7.24,44.7,275.77,NP,NP,0.06,1.13,339.27,30.73,42.93,9.16,3.89,13.1,142.19,NP,33,423.28,434.95,-0.01,NP,NP,NP,NP,14.22,0.07,0.06,0.02,0.06,NP,NP,NP,NP,NP,NP,NP,NP,NP,NP,NP,NA
NWT,GREEN LAKE 1,2001,2001-07-12,1340,7.25,45.2,268.58,NP,NP,0.06,1.29,338.07,31.09,41.84,8.98,3.86,12.87,141.41,NP,35.22,421.32,426.72,-0.01,NP,NP,NP,NP,14.16,0.17,0.06,0.11,0.06,NP,NP,NP,NP,NP,NP,NP,NP,NP,NP,NP,NA
NWT,GREEN LAKE 1,2001,2001-07-19,1300,7.33,45.1,267.72,NP,NP,0.05,1.08,332.19,31.07,41.63,9.69,3.81,13.08,139.24,NP,34.58,415.71,423.85,-0.01,NP,NP,NP,NP,14.16,0.08,NP,0.08,NP,NP,NP,NP,NP,NP,NP,NP,NP,NP,NP,NP,NA
NWT,GREEN LAKE 1,2001,2001-07-26,1210,7.17,45,270.49,NP,NP,0.07,1.73,338.69,31.72,43.06,10.69,3.98,15.47,139.01,NP,36.63,425.97,428.95,0,NP,NP,NP,NP,17.2,0.18,0.08,0.09,0.08,NP,NP,NP,NP,NP,NP,NP,NP,NP,NP,NP,NA
NWT,GREEN LAKE 1,2001,2001-08-02,1430,7.11,45,276.73,NP,NP,0.08,1.16,344.61,32.09,44.41,10.69,4.65,11.35,141.16,NP,38.79,433.05,433.9,0,NP,20.98,NP,8.46,12.52,NP,NP,NP,NP,NP,NP,NP,NP,NP,NP,NP,NP,NP,NP,NP,NA
NWT,GREEN LAKE 1,2001,2001-08-09,1045,7.19,46.5,290.75,NP,NP,0.06,0.77,346.79,32.84,43.06,10,3.7,11.4,138.7,NP,37.95,433.53,444.55,-0.01,NP,13.32,NP,1.15,12.17,0.08,NP,0.08,NP,NP,NP,NP,NP,NP,NP,NP,NP,NP,NP,NP,NA
NWT,GREEN LAKE 1,2001,2001-08-16,1320,7.24,46.4,288.48,NP,NP,0.06,1.12,346.17,32.41,42.93,9.82,3.58,10.64,138.64,NP,33.98,432.51,441.35,-0.01,NP,16.98,NP,5.22,11.77,0.07,NP,0.07,NP,NP,NP,NP,NP,NP,NP,NP,NP,NP,NP,NP,NA
NWT,GREEN LAKE 1,2001,2001-08-23,1210,7.29,45.2,282.89,NP,NP,0.05,0.76,343.86,32.16,42.11,10.13,3.84,10.22,137.81,NP,34.18,429.06,434.76,-0.01,NP,17.32,NP,6.33,10.99,NP,NP,NP,NP,NP,NP,NP,NP,NP,NP,NP,NP,NP,NP,NP,NA
NWT,GREEN LAKE 1,2001,2001-08-30,1330,7.25,46.4,294.2,NP,NP,0.06,1.62,348.71,32.09,44.22,10.79,5.44,9.52,141.12,NP,33.74,437.48,450.28,-0.01,NP,15.01,NP,3.87,11.14,0.07,NP,0.07,NP,NP,NP,NP,NP,NP,NP,NP,NP,NP,NP,NP,NA
NWT,GREEN LAKE 1,2001,2001-09-06,1340,7.26,47.4,284.8,NP,NP,0.05,1.53,350.8,32.07,44.98,11.43,5.19,9.43,141.18,NP,31.95,440.87,440.6,0,NP,20.46,NP,9.5,10.96,0.17,0.1,0.06,0.1,NP,NP,NP,NP,NP,NP,NP,NP,NP,NP,NP,NA
NWT,GREEN LAKE 1,2001,2001-09-13,1200,7.16,46.3,277.03,NP,NP,0.07,1.08,348.58,31.13,42.34,9.97,3.98,9.11,143.87,NP,31.26,433.17,433.99,0,NP,12.58,NP,2.39,10.19,NP,NP,NP,NP,NP,NP,NP,NP,NP,NP,NP,NP,NP,NP,NP,NA
NWT,GREEN LAKE 1,2001,2001-09-25,1210,7.26,49,279.24,NP,NP,0.05,1.18,356.28,31.93,53.63,14.83,14.07,9.95,146.97,NP,30.39,457.91,450.23,0.01,NP,19.15,NP,8.02,11.13,0.11,0.1,0.01,0.1,NP,NP,NP,NP,NP,NP,NP,NP,NP,NP,NP,NA
NWT,GREEN LAKE 1,2001,2001-10-02,1230,7.18,47.1,278.93,NP,NP,0.07,0.79,359.7,31.88,44.67,11.12,4.96,10.08,149.42,NP,30.06,448.24,443.4,0.01,NP,15.22,NP,4.34,10.87,0.13,0.1,0.03,0.1,NP,NP,NP,NP,NP,NP,NP,NP,NP,NP,NP,NA
NWT,GREEN LAKE 1,2001,2001-10-09,1250,7.33,48.8,285.11,NP,NP,0.05,1.37,359.53,32.17,48.67,11.94,9.42,10.27,152.24,NP,28.25,453.73,457.04,0,NP,15.94,NP,4.3,11.64,0.22,0.21,0.01,0.21,NP,NP,NP,NP,NP,NP,NP,NP,NP,NP,NP,NA
NWT,GREEN LAKE 1,2001,2001-10-16,1100,7.34,48.1,278.68,NP,NP,0.05,0.65,362.06,32.57,44.98,10.28,4.12,10.53,153.69,NP,27.33,450.58,447.02,0,NP,16.32,NP,5.14,11.18,0.15,0.06,0.08,0.06,NP,NP,NP,NP,NP,NP,NP,NP,NP,NP,NP,NA
NWT,GREEN LAKE 1,2001,2001-10-23,1015,7.38,49,296.45,NP,NP,0.04,0.74,372.26,33.9,47,10.61,5.05,11.05,153.94,NP,27.02,464.55,466.49,0,NP,15.21,NP,3.43,11.78,0.17,0.09,0.07,0.09,NP,NP,NP,NP,NP,NP,NP,NP,NP,NP,NP,NA
NWT,GREEN LAKE 1,2001,2001-11-08,1200,7.36,51.1,298.91,NP,NP,0.04,0.94,386.24,35,47.76,10.33,4.23,11.05,158.32,NP,25.2,480.31,472.5,0.01,NP,16.8,NP,4.82,11.98,0.16,0.13,0.03,0.13,NP,NP,NP,NP,NP,NP,NP,NP,NP,NP,NP,NA
NWT,GREEN LAKE 1,2001,2001-11-20,1110,7.25,51.2,299.49,NP,NP,0.06,NP,390.91,35.76,47.76,10.26,4.15,10.52,162.77,NP,24.19,484.74,476.92,0.01,NP,14.38,NP,3.86,10.52,0.23,NP,0.23,NP,NP,NP,NP,NP,NP,NP,NP,NP,NP,NP,NP,NA
NWT,GREEN LAKE 1,2002,2002-05-10,1025,7.13,51.8,308.75,NP,NP,0.07,1.07,386.95,35.74,46.8,9.64,4.29,5.84,166.73,NP,14.82,480.28,485.6,-0.01,NP,24.88,NP,17.97,6.91,0.13,0.1,0.04,0.1,NP,NP,NP,NP,NP,NP,NP,NP,0.63,0.93,NP,NA
NWT,GREEN LAKE 1,2002,2002-05-17,1025,7.2,51.3,305.15,NP,NP,0.06,0.52,392.69,35.58,46.5,10.1,4.12,6.23,166.41,NP,14.7,485.45,481.91,0,NP,9.14,NP,2.39,6.75,NP,NP,NP,NP,NP,NP,NP,NP,NP,NP,NP,NP,1.12,1.04,0.08,NA
NWT,GREEN LAKE 1,2002,2002-05-23,1145,7.23,52.1,301.13,NP,NP,0.06,1.12,394.29,35.46,48.2,10.38,5.19,6.55,167.66,NP,15.17,489.52,480.53,0.01,NP,14.1,NP,6.44,7.67,0.09,0.06,0.03,0.06,NP,NP,NP,NP,NP,NP,NP,NP,1.21,1.47,NP,NA
NWT,GREEN LAKE 1,2002,2002-05-30,1330,7.12,51.4,297.4,NP,NP,0.08,0.51,389.53,35.19,47.33,9.92,4.57,7.13,168.25,NP,15.97,482.55,477.34,0.01,10.58,11.08,NP,3.45,7.64,0.07,NP,0.07,NP,NP,NP,NP,NP,NP,NP,NP,NP,1.1,1.08,0.02,NA
NWT,GREEN LAKE 1,2002,2002-06-06,1410,7.13,52.1,282.75,NP,NP,0.07,0.38,387.97,34.76,47.06,10.49,4.32,9.32,170.27,NP,20.32,480.73,466.65,0.01,12.49,12.99,NP,3.29,9.7,0.15,NP,0.15,NP,NP,NP,NP,NP,NP,NP,NP,NP,1.28,0.88,0.4,NA
NWT,GREEN LAKE 1,2002,2002-06-13,1340,7.2,52.9,286.51,NP,NP,0.06,0.45,387.97,34.74,47.59,10,4.17,9.03,171.47,NP,21.96,480.81,471.19,0.01,13.84,12.05,1.79,2.56,9.48,0.12,0.14,NP,0.14,NP,NP,NP,NP,NP,NP,NP,NP,0.71,1.11,NP,NA
NWT,GREEN LAKE 1,2002,2002-06-20,1400,7.37,53.6,297.7,NP,NP,0.04,0.69,402.84,37.39,48.5,10.51,4.43,9.24,173.16,NP,22.16,499.97,484.53,0.02,12.64,12.78,NP,2.85,9.93,0.14,0.12,0.02,0.12,NP,NP,NP,NP,NP,NP,NP,NP,0.9,1.03,NP,NA
NWT,GREEN LAKE 1,2002,2002-06-27,1415,7.36,53.1,310.66,NP,NP,0.04,0.66,401.86,37.09,46.89,11.1,4.94,7.26,175.24,NP,21.15,497.65,498.1,0,13.39,11.64,1.75,3.72,7.92,0.22,0.07,0.15,0.07,NP,NP,NP,NP,NP,NP,NP,NP,1.01,0.94,0.07,NA
NWT,GREEN LAKE 1,2002,2002-07-04,1250,7.25,52.8,307.63,NP,NP,0.06,1.03,402.35,37.29,48.72,10.66,4.74,5.29,176.62,NP,22.19,500.11,494.27,0.01,10.77,11.42,NP,5.1,6.32,0.15,0.13,0.02,0.13,NP,NP,NP,NP,NP,NP,NP,NP,1.05,1.01,0.04,NA
NWT,GREEN LAKE 1,2002,2002-07-11,1320,7.2,53.9,308.48,NP,NP,0.06,1.24,406.13,37.37,48.72,11.25,4.77,5.21,175.03,NP,22.94,504.77,493.49,0.01,11.11,9.91,1.2,3.47,6.44,NP,NP,NP,NP,NP,NP,NP,NP,NP,NP,NP,NP,1.12,1.05,0.07,NA
NWT,GREEN LAKE 1,2002,2002-07-18,1325,7.22,53.8,328.18,NP,NP,0.06,1.25,421.67,36.44,49.54,11.69,4.63,5.87,176.51,NP,22.74,520.65,515.19,0.01,9.75,NP,NP,NP,7.12,0.1,NP,NP,NP,NP,NP,NP,NP,NP,NP,NP,NP,1.01,0.63,0.38,NA
NWT,GREEN LAKE 1,2002,2002-07-25,1240,7.24,55.2,316.96,NP,NP,0.06,1.25,419.36,37.56,49.2,11.41,4.65,5.58,174.8,NP,28.6,518.83,502,0.02,12.33,11,1.33,4.17,6.83,0.15,0.07,0.08,0.07,NP,NP,NP,NP,NP,NP,NP,NP,1.01,0.99,0.02,NA
NWT,GREEN LAKE 1,2002,2002-08-01,1250,7.16,55.6,330.09,NP,NP,0.07,1.52,422.38,37.85,49.72,11.99,5.08,3.58,176.72,NP,24.32,523.53,515.47,0.01,12.26,11.47,0.79,6.37,5.1,0.3,NP,0.3,NP,NP,NP,NP,NP,NP,NP,NP,NP,1.18,1.11,0.07,NA
NWT,GREEN LAKE 1,2002,2002-08-08,1310,7.1,54.9,321.35,NP,NP,0.08,0.61,417,37.99,49.89,11.41,4.77,3.64,178.16,NP,25.14,516.98,507.92,0.01,8.65,8.02,0.63,3.76,4.26,0.15,NP,0.15,NP,NP,NP,NP,NP,NP,NP,NP,NP,1.14,1.15,NP,NA
NWT,GREEN LAKE 1,2002,2002-08-15,1325,7.2,55.5,330.67,NP,NP,0.06,0.71,419.18,38.07,50.89,11.76,4.91,3.16,177.3,NP,26.27,520.68,516.04,0,8.75,7.99,0.76,4.12,3.87,NP,NP,NP,NP,NP,NP,NP,NP,NP,NP,NP,NP,1.35,1.33,0.01,NA
NWT,GREEN LAKE 1,2002,2002-08-22,1250,7.27,55.6,331.59,NP,NP,0.05,0.66,424.96,38.4,51.15,11.76,5.05,2.87,178.97,NP,26.29,526.99,518.48,0.01,8.49,7.65,0.84,4.12,3.53,NP,NP,NP,NP,NP,NP,NP,NP,NP,NP,NP,NP,1.32,1.3,0.03,NA
NWT,GREEN LAKE 1,2002,2002-08-29,1235,7.11,55.8,330.91,NP,NP,0.08,1.25,426.3,38.54,50.76,11.56,4.82,2.14,177.72,NP,26.43,528.49,515.6,0.01,7.5,5.91,1.59,2.52,3.39,NP,NP,NP,NP,NP,NP,NP,NP,NP,NP,NP,NP,1.34,1.27,0.07,NA
NWT,GREEN LAKE 1,2002,2002-09-05,1350,7.17,56.7,334.14,NP,NP,0.07,0.84,431.78,38.51,51.41,11.56,4.85,1.64,176.16,NP,26.97,534.16,516.79,0.02,6.25,5.78,0.47,3.3,2.48,0.18,NP,0.18,NP,NP,NP,NP,NP,NP,NP,NP,NP,1.27,1.23,0.04,NA
NWT,GREEN LAKE 1,2002,2002-09-12,1255,7.24,62.7,409.88,NP,NP,0.06,NP,475.58,47.22,53.89,13.48,5.05,10.79,167.83,NP,62.58,590.23,593.55,0,11.57,12.42,NP,1.63,10.79,NP,NP,NP,NP,NP,NP,NP,NP,NP,NP,NP,NP,0.88,0.8,0.08,NA
NWT,GREEN LAKE 1,2002,2002-09-25,1140,7.21,56.6,342.66,NP,NP,0.06,0.86,429.51,39.7,52.41,11.56,4.71,2.76,178.95,NP,26.69,534.11,529.07,0,8.48,6.39,2.09,2.77,3.62,0.36,NP,0.36,NP,NP,NP,NP,NP,NP,NP,NP,NP,1.41,1.25,0.16,NA
NWT,GREEN LAKE 1,2002,2002-10-21,1130,7.2,58.5,340.23,NP,NP,0.06,1.47,436.81,40.04,52.89,11.84,4.94,3.91,190.57,NP,24.55,543.11,539.64,0,9.55,9.57,NP,4.2,5.38,0.12,0.08,0.04,0.08,NP,NP,NP,NP,NP,NP,NP,NP,1.35,1.17,0.18,NA
NWT,GREEN LAKE 1,2003,2003-06-05,905,7.07,54.7,309.99,NP,NP,0.09,NP,422.25,39.43,47.11,10.13,4.51,17.93,181.4,NP,43.94,519,513.84,0,16.91,18.28,NP,0.35,17.93,NP,NP,NP,NP,NP,-14.68,NP,NP,NP,NP,NP,NP,0.81,0.75,0.06,NA
NWT,GREEN LAKE 1,2003,2003-06-12,915,6.47,53,310.79,NP,NP,0.34,NP,408,37.89,46.72,10.13,4.51,17.81,179.07,NP,43.85,503.07,512.18,-0.01,17.1,17.61,NP,NP,17.81,0.09,0.08,0.01,0.08,NP,-14.87,NP,NP,NP,NP,NP,NP,0.92,0.8,0.12,NA
NWT,GREEN LAKE 1,2003,2003-06-19,845,7.24,50.6,282.58,NP,NP,0.06,0.51,390.64,36.64,45.67,9.21,4.15,18.05,168.02,NP,46.5,482.73,472.79,0.01,18.07,18.54,NP,NP,18.56,0.14,NP,0.14,NP,NP,-15.05,NP,NP,NP,NP,NP,NP,0.86,0.76,0.1,NA
NWT,GREEN LAKE 1,2003,2003-06-26,915,7,48.5,272.91,NP,NP,0.1,0.44,370.61,34.51,44.19,9.62,4.15,19.39,162.79,NP,50.82,459.47,459.23,0,19.3,18.29,1.01,NP,19.83,0.08,NP,0.08,NP,NP,-15.36,NP,NP,NP,NP,NP,NP,0.85,0.81,0.04,NA
NWT,GREEN LAKE 1,2003,2003-07-03,825,7.01,47.1,263.75,NP,NP,0.1,0.39,359.3,33.19,43.06,9.69,4.23,17.64,160.98,NP,51.01,445.74,446.6,0,16.81,16.34,0.46,NP,18.04,NP,NP,NP,NP,NP,-15.47,NP,NP,NP,NP,NP,NP,0.85,0.83,0.02,NA
NWT,GREEN LAKE 1,2003,2003-07-10,825,7.22,46.1,264.47,NP,NP,0.06,0.74,353.43,33.93,42.24,8.9,3.78,16.1,156.88,NP,49.57,439.28,441.22,0,15.81,16.61,NP,NP,16.83,NP,NP,NP,NP,NP,-15.47,NP,NP,NP,NP,NP,NP,0.78,0.78,NP,NA
NWT,GREEN LAKE 1,2003,2003-07-15,840,7.13,46.8,269.29,NP,NP,0.07,1.63,352.89,34.35,42.8,9.56,4.46,15.77,151.86,NP,48.23,441.31,441.38,0,18.93,17.03,1.91,NP,17.41,0.15,NP,0.15,NP,NP,-15.44,NP,NP,NP,NP,NP,NP,0.9,0.83,0.07,NA
NWT,GREEN LAKE 1,2003,2003-07-24,1345,7.29,44,260.25,NP,NP,0.05,1.13,338.6,32.1,41.19,9.69,3.78,14.74,147.59,NP,48.74,422.77,426.36,0,18.28,17.05,1.23,1.18,15.87,0.14,0.1,0.04,0.1,NP,-15.71,NP,NP,NP,NP,NP,NP,0.97,0.92,0.05,NA
NWT,GREEN LAKE 1,2003,2003-07-31,1055,7.07,45.85,264.7,NP,NP,0.09,1.93,343.01,32.77,42.98,9.9,3.89,14.6,147.53,NP,50.18,430.67,430.72,0,19.94,18.08,1.86,1.55,16.52,0.12,0.08,0.04,0.08,NP,-15.49,NP,NP,NP,NP,NP,NP,0.88,0.87,NP,NA
NWT,GREEN LAKE 1,2003,2003-08-07,1440,6.97,45.5,277.7,NP,NP,0.11,0.71,354.01,33.36,43.58,10.79,3.64,12.52,144.18,NP,52.56,442.55,438.03,0.01,16.45,14.43,2.02,1.21,13.22,0.09,0.08,0.02,0.08,NP,-15.36,NP,NP,NP,NP,NP,NP,0.88,0.88,NP,NA
NWT,GREEN LAKE 1,2003,2003-08-14,1120,6.97,47.8,294.82,NP,NP,0.11,0.54,360.06,34.9,44.32,11.1,3.5,10.66,143.37,NP,56.01,451.03,452.34,0,15.59,13.47,2.11,2.27,11.2,0.08,NP,0.08,NP,NP,-15.24,NP,NP,NP,NP,NP,NP,NP,1.11,NP,NA
NWT,GREEN LAKE 1,2003,2003-08-21,1315,7.14,46.8,276.58,NP,NP,0.07,1.46,355.74,32.99,45.32,10.95,4.26,7.1,141.6,NP,53.09,446.53,429.53,0.02,12.67,9.99,2.68,1.44,8.55,0.26,NP,0.26,NP,NP,-15.01,NP,NP,NP,NP,NP,NP,1.17,0.92,0.25,NA
NWT,GREEN LAKE 1,2003,2003-08-28,1350,7.22,46.3,283.69,NP,NP,0.06,1.28,345.44,34.23,45.15,10.49,4.32,5.32,141.89,NP,54.79,436.64,435.22,0,11.21,8.26,2.95,1.66,6.6,0.11,NP,0.11,NP,NP,-15,NP,NP,NP,NP,NP,NP,1.24,0.98,0.26,NA
NWT,GREEN LAKE 1,2003,2003-09-04,1315,7.2,44.9,286.9,NP,NP,0.06,0.96,348.89,34.59,45.02,10.74,4.26,4,139.66,NP,55.84,440.27,434.82,0.01,10.39,7.97,2.42,3,4.96,0.15,0.06,0.09,0.06,NP,-14.98,NP,NP,NP,NP,NP,NP,1.33,1.06,0.26,NA
NWT,GREEN LAKE 1,2003,2003-09-11,1130,6.9,45.5,296.62,NP,NP,0.13,1.08,352.63,33.37,43.85,10.31,4.34,4,142.58,NP,55.4,441.35,447.54,-0.01,10.03,7.28,2.75,2.21,5.08,0.17,NP,0.17,NP,NP,-14.79,NP,NP,NP,NP,NP,NP,1.29,1,0.29,NA
NWT,GREEN LAKE 1,2003,2003-09-18,1310,6.94,45.3,289.88,NP,NP,0.11,2.03,356.19,33.3,44.37,11.07,4.68,3.45,141.03,NP,53.91,447.08,439.05,0.01,11.61,8.28,3.33,2.8,5.49,0.12,NP,0.12,NP,NP,-14.72,NP,NP,NP,NP,NP,NP,1.59,1.21,0.37,NA
NWT,GREEN LAKE 1,2003,2003-09-25,1315,6.98,46.9,295.01,NP,NP,0.1,2.14,359.13,33.1,45.8,10.72,5.05,3.73,142.26,NP,53.2,450.99,446.05,0.01,14.03,11.35,2.68,5.49,5.87,0.1,NP,0.1,NP,NP,-14.45,NP,NP,NP,NP,NP,NP,1.58,1.37,0.21,NA
NWT,GREEN LAKE 1,2003,2003-10-02,1300,7.19,46.7,296.84,NP,NP,0.06,1.43,358.64,33.74,45.41,10.46,3.92,3.34,142.83,NP,51.98,449.74,446.92,0,9.36,7.89,1.47,3.13,4.77,0.1,0.08,0.02,0.08,NP,-14.29,NP,NP,NP,NP,NP,NP,1.4,1.32,0.07,NA
NWT,GREEN LAKE 1,2003,2003-10-09,1210,7.15,48.9,307.4,NP,NP,0.07,1.57,363.31,34.42,46.19,11.2,4.6,3.23,145.12,NP,50.89,456.77,460.34,0,13.16,10.73,2.43,5.93,4.8,0.22,0.1,0.12,0.1,NP,-14.21,NP,NP,NP,NP,NP,NP,1.58,1.42,0.16,NA
NWT,GREEN LAKE 1,2003,2003-10-23,1120,7.21,49.8,305.39,NP,NP,0.06,1.53,374.71,35.44,46.46,10.54,4.09,3.55,148.72,NP,50.44,468.73,461.75,0.01,8.55,6.86,1.7,1.77,5.08,0.1,NP,0.1,NP,NP,-13.93,NP,NP,NP,NP,NP,NP,1.58,1.33,0.25,NA
NWT,GREEN LAKE 1,2003,2003-10-30,1100,6.99,49.8,319.24,NP,NP,0.1,4.59,379.83,35.48,48.33,11.43,5.13,4.71,148.95,NP,49.16,479.76,478.03,0,20.39,13.35,7.04,4.05,9.3,0.38,0.03,0.34,0.03,NP,-13.81,NP,NP,NP,NP,NP,NP,1.85,1.55,0.3,NA
NWT,GREEN LAKE 1,2004,2004-05-20,945,6.82,52.3,326.92,NP,NP,0.15,1.23,416.02,37.48,44.54,10.72,4.29,12.74,154.17,NP,43.53,510.14,498.12,0.01,18.59,17.12,1.48,3.15,13.97,0.07,NP,0.07,NP,NP,-14.45,NP,NP,NP,NP,NP,NP,0.89,0.87,0.01,NA
NWT,GREEN LAKE 1,2004,2004-05-27,900,6.95,55,335.38,NP,NP,0.11,0.53,431.44,39.4,45.76,10.72,4.17,13.48,162.71,NP,46.41,527.95,515.75,0.01,17.3,16.51,0.79,2.5,14.01,0.08,NP,0.08,NP,NP,-14.51,NP,NP,NP,NP,NP,NP,0.85,0.81,0.04,NA
NWT,GREEN LAKE 1,2004,2004-06-03,1150,7.09,51.5,304.25,NP,NP,0.08,NP,398.2,35.32,43.98,10.2,3.95,14.69,156.94,NP,45.63,487.78,479.83,0.01,20.82,18.69,2.13,4,14.69,0.12,NP,0.12,NP,NP,-14.61,NP,NP,NP,NP,NP,NP,NP,0.97,NP,NA
NWT,GREEN LAKE 1,2004,2004-06-10,830,6.69,50.4,305.43,NP,NP,0.2,NP,388.32,35.24,43.67,10.26,3.89,15.27,154.92,NP,45.04,477.7,479.52,0,19.42,18.31,1.12,3.03,15.27,0.07,NP,0.07,NP,NP,-14.72,NP,NP,NP,NP,NP,NP,NP,1.05,NP,NA
NWT,GREEN LAKE 1,2004,2004-06-17,1320,7.04,50.5,295.5,NP,NP,0.09,0.92,382.24,34.79,43.58,10.33,4.12,15.69,155.34,NP,45.51,471.95,470.65,0,20.23,18.11,2.13,1.5,16.61,0.13,0.13,NP,0.13,NP,-14.79,NP,NP,NP,NP,NP,NP,NP,0.79,NP,NA
NWT,GREEN LAKE 1,2004,2004-06-24,1255,7,50.1,283.09,NP,NP,0.1,0.65,378.49,34.16,44.02,10.28,3.78,16.79,155.5,NP,46.02,467.71,459.16,0.01,22.57,21.89,0.69,4.45,17.44,0.08,NP,0.08,NP,NP,-15.05,NP,NP,NP,NP,NP,NP,NP,0.77,NP,NA
NWT,GREEN LAKE 1,2004,2004-07-01,1200,7.04,49.3,280.39,NP,NP,0.09,0.87,372.55,34.46,43.11,10.26,3.89,16.81,157.25,NP,46.1,461.34,458.34,0,20.4,21,NP,3.32,17.67,0.12,0.11,0.01,0.11,NP,-15.06,NP,NP,NP,NP,NP,NP,NP,0.93,NP,NA
NWT,GREEN LAKE 1,2004,2004-07-08,1310,7.02,49.3,312.4,NP,NP,0.1,0.96,374.25,34.01,44.02,10.43,4.23,18.1,155.46,NP,46.8,463.77,490.19,-0.03,22.23,22.69,NP,3.64,19.06,0.17,0.1,0.07,0.1,NP,-14.76,NP,NP,NP,NP,NP,NP,NP,0.26,NP,NA
NWT,GREEN LAKE 1,2004,2004-07-15,1240,7.22,49.3,304.89,NP,NP,0.06,0.84,377.1,34.43,45.37,10.66,4.29,17.97,157.69,NP,46.69,468.45,484.83,-0.02,22.17,21.62,0.55,2.82,18.8,0.28,0.25,0.03,0.25,NP,-14.68,NP,NP,NP,NP,NP,NP,NP,0.14,NP,NA
NWT,GREEN LAKE 1,2004,2004-07-22,835,6.89,50.2,315.74,NP,NP,0.13,NP,379.34,35.85,45.37,10.26,4.06,17.48,158.98,NP,47.09,470.94,496.27,-0.03,19.63,20.75,NP,3.26,17.48,0.21,0.14,0.07,0.14,NP,-14.67,NP,NP,NP,NP,NP,NP,NP,0.12,NP,NA
NWT,GREEN LAKE 1,2004,2004-07-29,1330,6.86,50.5,284.55,NP,NP,0.14,0.63,375.7,34.63,45.06,10.26,4.12,17.97,158.88,NP,47.45,466.42,465.51,0,19.35,19.85,NP,1.26,18.59,0.17,0.13,0.03,0.13,NP,-14.63,NP,NP,NP,NP,NP,NP,NP,0.47,NP,NA
NWT,GREEN LAKE 1,2004,2004-08-05,1310,7.02,51.3,296.76,NP,NP,0.1,0.45,387.62,35.13,45.98,10.79,4.01,17.4,157.96,NP,47.28,480.07,476.13,0,19.67,18.34,1.33,0.48,17.85,0.23,NP,0.23,NP,NP,-14.43,NP,NP,NP,NP,NP,NP,NP,0.45,NP,NA
NWT,GREEN LAKE 1,2004,2004-08-12,825,7,51,306.18,NP,NP,0.1,0.71,393.71,35.52,52.2,10.43,4.23,13.18,157.4,NP,47.34,492.67,480.99,0.01,13.84,14.94,NP,1.06,13.88,NP,NP,NP,NP,NP,-14.25,NP,NP,NP,NP,NP,NP,NP,0.43,NP,NA
NWT,GREEN LAKE 1,2004,2004-08-19,1350,6.9,51.8,317.4,NP,NP,0.13,0.93,392.71,36.24,47.02,10.69,4.6,13.31,158.4,NP,48.67,487.72,493.7,-0.01,17.26,17.59,NP,3.35,14.24,0.1,NP,0.1,NP,NP,-14.19,NP,NP,NP,NP,NP,NP,NP,0.6,NP,NA
NWT,GREEN LAKE 1,2004,2004-08-26,1250,7.11,50.7,310.67,NP,NP,0.08,1.73,399.15,35.75,47.59,10.77,5.22,11.47,159.5,NP,46.25,495.07,486.86,0.01,13.31,12.97,0.35,NP,13.2,0.07,0.06,0.01,0.06,NP,-14.16,NP,NP,NP,NP,NP,NP,NP,NP,NP,NA
NWT,GREEN LAKE 1,2004,2004-09-02,1300,6.68,51,316.1,NP,NP,0.21,1.86,401.3,36.42,48.5,11.1,5.22,10.9,160.13,NP,45.51,499.38,492.35,0.01,15.55,15.32,0.23,2.56,12.76,0.14,0.05,0.09,0.05,NP,-14.01,NP,NP,NP,NP,NP,NP,NP,0.8,NP,NA
NWT,GREEN LAKE 1,2004,2004-09-09,1300,7.11,51.3,315.47,NP,NP,0.08,1.39,398.5,36.57,49.72,11.1,5.78,9.68,161.56,NP,45.69,497.37,492.49,0,11.81,11.67,0.14,0.6,11.07,0.11,0.07,0.03,0.07,NP,-13.81,NP,NP,NP,NP,NP,NP,NP,0.74,NP,NA
NWT,GREEN LAKE 1,2004,2004-09-16,1225,6.92,52.1,328.33,NP,NP,0.12,NP,412.52,37.9,49.15,10.36,4.74,10.77,163.71,NP,46.54,510.05,507.55,0,12.08,12.24,NP,1.46,10.77,0.09,0.06,0.03,0.06,NP,-13.63,NP,NP,NP,NP,NP,NP,NP,0.86,NP,NA
NWT,GREEN LAKE 1,2004,2004-09-23,930,6.74,51.3,309.35,NP,NP,0.18,NP,408.78,37.55,48.15,10.31,4.09,12.4,164.89,NP,44.41,504.98,490.74,0.01,16.36,15.72,0.63,3.32,12.4,0.09,0.06,0.02,0.06,NP,-13.45,NP,NP,NP,NP,NP,NP,NP,0.71,NP,NA
NWT,GREEN LAKE 1,2004,2004-09-30,1300,7.36,51.4,322.35,NP,NP,0.04,NP,411.18,38.24,48.28,10.38,4.34,12.32,163.69,NP,45.68,508.13,502.7,0.01,17.29,16.41,0.88,4.09,12.32,0.11,0.08,0.03,0.08,NP,-13.47,NP,NP,NP,NP,NP,NP,NP,0.7,NP,NA
NWT,GREEN LAKE 1,2004,2004-10-07,1330,7.18,51.5,316.4,NP,NP,0.07,NP,412.57,37.63,48.15,10.36,4.37,11.53,166.38,NP,44.25,508.78,498.69,0.01,14,13.72,0.28,2.19,11.53,0.06,0.04,0.02,0.04,NP,-13.49,NP,NP,NP,NP,NP,NP,NP,0.67,NP,NA
NWT,GREEN LAKE 1,2004,2004-10-14,945,7.39,52.1,321.61,NP,NP,0.04,NP,415.97,37.87,48.93,10.28,4.26,12.64,167.81,NP,45,513.1,506.32,0.01,16.09,16.09,NP,3.44,12.64,0.05,0.04,0.01,0.04,NP,-13.46,NP,NP,NP,NP,NP,NP,NP,0.73,NP,NA
NWT,GREEN LAKE 1,2004,2004-10-21,1020,7.27,53.2,320.02,NP,NP,0.05,NP,419.56,38.42,48.2,10.15,4.58,13.76,168.81,NP,45.58,516.38,507.17,0.01,27.21,21.88,5.33,8.12,13.76,NP,NP,NP,NP,NP,-13.41,NP,NP,NP,NP,NP,NP,NP,NP,NP,NA
NWT,GREEN LAKE 1,2004,2004-11-11,1105,7.27,56.5,339.23,NP,NP,0.05,NP,470.76,41.6,51.46,11,4.78,15.86,177.34,NP,49.07,574.87,537.22,0.03,18.87,18.83,0.04,2.96,15.86,NP,NP,NP,NP,NP,-13.59,NP,NP,NP,NP,NP,NP,NP,0.8,NP,NA
NWT,GREEN LAKE 1,2005,2005-06-03,915,6.98,54.7,315.03,NP,NP,0.1,0.82,436.08,37.35,47.72,10.33,4.54,17.85,173.28,0.13,42.31,532.4,510.84,0.02,22.59,23.87,NP,5.19,18.67,0.13,0.09,0.04,0.04,0.04,-14.36,NP,NP,NP,NP,NP,NP,NP,0.7,NP,NA
NWT,GREEN LAKE 1,2005,2005-06-09,845,7.02,52.5,302.11,NP,NP,0.1,NP,430.04,36.81,47.63,9.74,4.4,18.53,172.56,NP,44.52,524.32,497.6,0.03,22.94,22.96,NP,4.43,18.53,NP,NP,NP,NP,NP,-14.65,NP,NP,NP,NP,NP,NP,NP,0.79,NP,NA
NWT,GREEN LAKE 1,2005,2005-06-16,930,7.12,51.6,297.87,NP,NP,0.08,NP,419.31,36.2,47.06,9.74,4.54,18.98,171.7,NP,45.94,512.39,493.1,0.02,19.98,19.3,0.68,0.32,18.98,NP,NP,NP,NP,NP,-14.54,NP,NP,NP,NP,NP,NP,NP,4.09,NP,NA
NWT,GREEN LAKE 1,2005,2005-06-23,920,6.94,51.8,285.38,NP,NP,0.11,NP,408.38,35.85,46.46,9.9,4.23,19.61,171.06,NP,49.59,500.7,480.28,0.02,20.56,21.01,NP,1.4,19.61,NP,NP,NP,NP,NP,-14.74,NP,NP,NP,NP,NP,NP,NP,0.78,NP,NA
NWT,GREEN LAKE 1,2005,2005-06-30,845,6.88,50.3,283.2,NP,NP,0.13,NP,398.25,34.44,45.85,9.72,4.54,19.29,161.42,NP,50.27,488.39,468.45,0.02,21.85,20.85,1,1.56,19.29,0.1,0.04,0.05,0.04,NP,-14.88,NP,NP,NP,NP,NP,NP,NP,0.97,NP,NA
NWT,GREEN LAKE 1,2005,2005-07-07,830,6.81,50,281.7,NP,NP,0.15,0.5,398.75,34.17,45.59,9.9,4.09,18.4,160.67,NP,50.1,489.06,464.86,0.03,22.8,21.98,0.82,3.08,18.9,0.13,0.11,0.02,0.11,NP,-14.72,NP,NP,NP,NP,NP,NP,NP,0.9,NP,NA
NWT,GREEN LAKE 1,2005,2005-07-14,1225,6.95,50.2,285.15,NP,NP,0.11,0.97,399.48,34.61,47.33,10.05,4.15,18.42,159.75,0.18,49.28,492.55,467.65,0.03,20.62,20.63,NP,1.23,19.39,0.09,0.1,NP,0.04,0.06,-14.69,NP,NP,NP,NP,NP,NP,NP,0.82,NP,NA
NWT,GREEN LAKE 1,2005,2005-07-21,840,6.87,49.1,288.38,NP,NP,0.13,0.72,399.35,34.49,47.8,10.13,4.17,16.92,158.02,NP,50.42,492.62,467.5,0.03,19.2,19.5,NP,1.87,17.64,NP,NP,NP,NP,NP,-14.81,NP,NP,NP,NP,NP,NP,NP,0.95,NP,NA
NWT,GREEN LAKE 1,2005,2005-07-28,850,6.94,50.3,292.6,NP,NP,0.11,NP,401.3,34.73,48.41,10.28,4.15,15.13,153.13,NP,51.92,494.84,465.01,0.03,18.58,18.07,0.51,2.94,15.13,0.09,0.07,0.02,0.07,NP,-14.72,NP,NP,NP,NP,NP,NP,NP,0.71,NP,NA
NWT,GREEN LAKE 1,2005,2005-08-04,1215,6.77,49.2,291.26,NP,NP,0.17,NP,397.41,34.75,47.15,10.36,4.23,13.79,153.53,0.15,50.31,489.83,462.96,0.03,19.66,19.29,0.36,5.5,13.79,0.23,0.15,0.08,0.1,0.05,-14.55,NP,NP,NP,NP,NP,NP,NP,0.73,NP,NA
NWT,GREEN LAKE 1,2005,2005-08-11,1225,6.86,49.9,303.49,NP,NP,0.14,0.66,400.65,35.24,49.5,10.66,4.26,11.87,150.88,NP,50.49,496.86,470.5,0.03,18.74,18.5,0.24,5.96,12.53,0.09,NP,0.09,NP,NP,-14.36,NP,NP,NP,NP,NP,NP,NP,0.73,NP,NA
NWT,GREEN LAKE 1,2005,2005-08-18,825,6.93,50.3,308.25,NP,NP,0.12,NP,398,35.4,49.8,10.69,4.23,13.11,148.86,NP,51.05,494.01,474.46,0.02,20.04,20.5,NP,7.39,13.11,0.06,NP,0.06,NP,NP,-14.25,NP,NP,NP,NP,NP,NP,NP,0.77,NP,NA
NWT,GREEN LAKE 1,2005,2005-08-25,1315,6.95,55.59,375.88,NP,NP,0.11,1.52,470.36,43.54,51.07,15.83,4.74,22.45,140.06,0.5,61.9,582.43,543.62,0.03,27.38,26.32,1.06,2.35,23.97,0.21,0.23,NP,0.06,0.17,-13.51,NP,NP,NP,NP,NP,NP,NP,1.88,NP,NA
NWT,GREEN LAKE 1,2005,2005-09-01,1400,6.78,57.5,393.78,NP,NP,0.17,0.94,481.64,44.55,55.02,13.63,4.8,14.84,148.68,NP,71.11,595.94,562.09,0.03,19.16,18.27,0.89,2.49,15.78,0.21,0.08,0.14,0.08,NP,-14.1,NP,NP,NP,NP,NP,NP,NP,0.76,NP,NA
NWT,GREEN LAKE 1,2005,2005-09-08,1325,6.86,60,421.35,NP,NP,0.14,NP,494.51,46.54,56.24,14.94,4.43,12.9,150.38,0.58,74.16,612.37,589.64,0.02,16.09,14.58,1.52,1.67,12.9,0.2,0.2,0.01,NP,0.19,-14.03,NP,NP,NP,NP,NP,NP,NP,1.1,NP,NA
NWT,GREEN LAKE 1,2005,2005-09-15,1350,6.88,60.4,416.75,NP,NP,0.13,0.74,480.04,46.83,53.5,14.22,4.54,12.84,150.2,NP,74.53,595.46,584.32,0.01,15.62,15.19,0.43,1.62,13.57,NP,NP,NP,NP,NP,-13.81,NP,NP,NP,NP,NP,NP,NP,1.08,NP,NA
NWT,GREEN LAKE 1,2005,2005-09-22,1240,6.91,59.6,410.63,NP,NP,0.12,NP,488.37,46.98,51.07,13.91,4.82,11.64,149.82,NP,75.83,600.46,576.92,0.02,14.65,14.19,0.46,2.54,11.64,NP,NP,NP,NP,NP,-13.74,NP,NP,NP,NP,NP,NP,NP,1.13,NP,NA
NWT,GREEN LAKE 1,2005,2005-09-29,1305,6.94,57.5,403.3,NP,NP,0.11,NP,469.86,45.04,51.46,12.99,4.77,12.66,150.31,NP,69.82,579.46,571.04,0.01,15.77,15.44,0.33,2.78,12.66,0.05,NP,0.05,NP,NP,-13.57,NP,NP,NP,NP,NP,NP,NP,1,NP,NA
NWT,GREEN LAKE 1,2005,2005-10-06,1230,6.94,60.4,428.23,NP,NP,0.11,NP,489.52,47.02,51.85,13.3,4.8,11.45,150.9,NP,73.55,601.81,595.38,0.01,14.7,14.13,0.57,2.68,11.45,0.05,NP,0.05,NP,NP,-13.42,NP,NP,NP,NP,NP,NP,NP,1.11,NP,NA
NWT,GREEN LAKE 1,2005,2005-10-13,915,6.95,51.4,334.75,NP,NP,0.11,0.74,418.16,38.18,49.07,10.74,5.02,8.32,151.55,0.2,42.59,517,499.84,0.02,13.39,13.18,0.21,4.12,9.06,0.11,0.09,0.01,0.03,0.07,-13.16,NP,NP,NP,NP,NP,NP,NP,1.26,NP,NA
NWT,GREEN LAKE 1,2005,2005-10-20,1015,7.11,57.6,407.8,NP,NP,0.08,1.64,486.43,46.14,52.33,12.53,5.78,11.1,148.57,NP,62.64,599.14,573.25,0.02,15.35,15.08,0.27,2.35,12.74,NP,NP,NP,NP,NP,-13.1,NP,NP,NP,NP,NP,NP,NP,1.03,NP,NA
NWT,GREEN LAKE 1,2005,2005-11-03,1130,6.88,56.7,396.56,NP,NP,0.13,0.48,481.89,45.19,49.89,11.89,4.74,10.81,152.55,NP,64.55,589.46,564.65,0.02,10.28,10.81,NP,NP,11.28,NP,NP,NP,NP,NP,-13.26,NP,NP,NP,NP,NP,NP,NP,0.9,NP,NA
NWT,GREEN LAKE 1,2005,2005-11-10,1145,7.02,53.8,350.63,NP,NP,0.1,NP,448.4,40.15,50.11,10.97,4.32,8.93,154.96,NP,43.28,549.73,518.84,0.03,12.2,11.39,0.81,2.46,8.93,0.09,NP,0.09,NP,NP,-13.09,NP,NP,NP,NP,NP,NP,NP,1.01,NP,NA
NWT,GREEN LAKE 1,2006,2006-06-01,1335,6.78,48.9,276.05,NP,NP,0.17,NP,379.89,34.95,44.06,10.1,4.2,17.58,151.99,NP,50.94,469.17,449.82,0.02,20.76,21.33,NP,3.75,17.58,NP,NP,NP,NP,NP,-13.8,NP,NP,NP,NP,NP,NP,NP,3,NP,NA
NWT,GREEN LAKE 1,2006,2006-06-08,1220,6.81,51.6,298.65,NP,NP,0.15,NP,398.05,35.92,45.72,10.28,4.88,17.5,157.79,NP,54.37,490.13,478.82,0.01,18.36,17.56,0.81,0.06,17.5,0.15,NP,0.15,NP,NP,-14.99,NP,NP,NP,NP,NP,NP,NP,2.81,NP,NA
NWT,GREEN LAKE 1,2006,2006-06-16,835,6.94,49,283.28,NP,NP,0.11,NP,374.9,34.25,44.5,9.64,5.25,15.58,148.32,NP,50.9,463.4,452.43,0.01,17.22,15.43,1.79,NP,15.58,0.12,NP,0.12,NP,NP,-15.22,NP,NP,NP,NP,NP,NP,NP,1.01,NP,NA
NWT,GREEN LAKE 1,2006,2006-06-22,840,6.99,47,275.21,NP,NP,0.1,NP,376,33.06,43.98,9.87,4.17,12.19,145.03,NP,50.35,463.01,436.61,0.03,18.48,18.29,0.19,6.1,12.19,0.11,NP,0.11,NP,NP,-15.59,NP,NP,NP,NP,NP,NP,NP,0.96,NP,NA
NWT,GREEN LAKE 1,2006,2006-06-29,1315,7.08,45.8,272.37,NP,NP,0.08,0.49,369.06,32.51,44.72,9.79,4.12,10.95,142.85,NP,48.15,456.65,430.28,0.03,16.01,16.94,NP,5.51,11.44,0.11,NP,0.11,NP,NP,-15.49,NP,NP,NP,NP,NP,NP,NP,0.92,NP,NA
NWT,GREEN LAKE 1,2006,2006-07-06,1445,7.2,45.4,268.44,NP,NP,0.06,1.07,360.13,32.17,43.32,9.87,3.92,10.98,137.39,NP,45.64,446.63,420.73,0.03,13.09,13.97,NP,1.92,12.05,0.19,0.15,0.04,0.15,NP,-15.55,NP,NP,NP,NP,NP,NP,NP,0.74,NP,NA
NWT,GREEN LAKE 1,2006,2006-07-13,1325,7.35,44.3,257.7,NP,NP,0.04,0.9,349.9,31.22,42.24,9.62,4.03,9.84,135.54,NP,46.95,433.91,407.11,0.03,11.19,11.95,NP,1.22,10.73,0.25,0.16,0.08,0.16,NP,-15.57,NP,NP,NP,NP,NP,NP,NP,0.71,NP,NA
NWT,GREEN LAKE 1,2006,2006-07-20,1315,7.19,45.6,258.67,NP,NP,0.06,0.8,356.44,32.01,41.58,10.2,4.48,13.11,135.5,NP,47.34,441.1,411.76,0.03,15.35,14.7,0.65,0.79,13.91,0.24,0.19,0.05,0.19,NP,-15.5,NP,NP,NP,NP,NP,NP,NP,1.24,NP,NA
NWT,GREEN LAKE 1,2006,2006-07-27,850,7.05,46.7,276.85,NP,NP,0.09,0.48,362.62,33.15,43.58,10.2,4.23,13.21,135.06,NP,49.23,450.13,429.35,0.02,16.98,16.21,0.77,2.53,13.69,0.18,0.13,0.05,0.13,NP,-15.45,NP,NP,NP,NP,NP,NP,NP,1.13,NP,NA
NWT,GREEN LAKE 1,2006,2006-08-03,1335,7.05,48.6,293.5,NP,NP,0.09,NP,377.89,34.55,45.11,11,4.12,12.29,135.64,NP,51.4,468.64,445.55,0.03,13.94,14.26,NP,1.97,12.29,0.19,NP,0.19,NP,NP,-15.3,NP,NP,NP,NP,NP,NP,NP,2.71,NP,NA
NWT,GREEN LAKE 1,2006,2006-08-10,1345,7.09,50.1,304.68,NP,NP,0.08,NP,387.87,34.5,46.28,11.1,3.61,10.64,134.68,NP,52.42,479.84,453.62,0.03,12.42,12.04,0.38,1.39,10.64,0.14,NP,0.14,NP,NP,-15.18,NP,NP,NP,NP,NP,NP,NP,2.7,NP,NA
NWT,GREEN LAKE 1,2006,2006-08-17,1410,7.04,51.1,326.38,NP,NP,0.09,NP,402.1,36.27,48.59,11.33,4.06,8.92,135.91,NP,59.7,498.37,475.27,0.02,11.77,11.79,NP,2.87,8.92,0.19,NP,0.19,NP,NP,-15.09,NP,NP,NP,NP,NP,NP,NP,3.05,NP,NA
NWT,GREEN LAKE 1,2006,2006-08-24,1445,7.1,53.6,350.4,NP,NP,0.08,0.65,424.85,39.15,50.11,11.97,4.29,8.29,139.56,NP,64.76,526.81,502.53,0.02,9.67,9.75,NP,0.82,8.94,0.1,NP,0.1,NP,NP,-14.88,NP,NP,NP,NP,NP,NP,NP,1.51,NP,NA
NWT,GREEN LAKE 1,2006,2006-08-31,1333,7.05,55.4,372.02,NP,NP,0.09,NP,443.41,42,54.89,14.65,6.8,7.23,141.45,NP,68.61,555.05,527.49,0.03,12.39,8.6,3.78,1.38,7.23,0.05,NP,0.05,NP,NP,-14.76,NP,NP,NP,NP,NP,NP,NP,2.37,NP,NA
NWT,GREEN LAKE 1,2006,2006-09-07,1300,7.13,60,420.85,NP,NP,0.07,0.82,476.05,46.87,54.89,19.9,6.15,8.21,135.08,NP,77.92,598.6,570.29,0.02,12.58,12.41,0.17,3.38,9.03,NP,NP,NP,NP,NP,-14.54,NP,NP,NP,NP,NP,NP,NP,5.86,NP,NA
NWT,GREEN LAKE 1,2006,2006-09-14,810,7.28,55.8,380.18,NP,NP,0.05,NP,446.16,40.92,51.41,12.02,3.81,4.6,139.43,NP,68.27,550.56,528.02,0.02,8.88,7.08,1.8,2.48,4.6,NP,NP,NP,NP,NP,-14.57,NP,NP,NP,NP,NP,NP,NP,2.26,NP,NA
NWT,GREEN LAKE 1,2006,2006-09-26,900,7.05,52.5,342.27,NP,NP,0.09,NP,416.57,38.31,48.67,11.28,3.81,2.45,136.7,NP,62.04,514.92,485.23,0.03,8.09,6.92,1.17,4.46,2.45,0.1,0.06,0.04,0.06,NP,-14.34,NP,NP,NP,NP,NP,NP,NP,3.15,NP,NA
NWT,GREEN LAKE 1,2006,2006-10-05,1100,7.11,63.8,473.66,NP,NP,0.08,0.84,539.22,51.46,56.07,13.43,4.51,6.1,130.73,NP,88.88,661.09,615,0.04,8.28,8.19,0.09,1.25,6.94,NP,NP,NP,NP,NP,-14.35,NP,NP,NP,NP,NP,NP,NP,2.53,NP,NA
NWT,GREEN LAKE 1,2007,2007-05-24,1325,7.23,56.6,339.56,NP,NP,0.0589,1.2793,439.6208,38.4172,48.6738,10.5877,4.654,11.7894,158.5649,u,59.5443,538.6377,514.5684,0.0229,14.7364,14.4492,0.2872,1.3804,13.0687,u,u,u,u,u,-15.0787,0.0562,-113.8915,0.1692,6.7378,NP,NP,NP,0.8285,NP,NA
NWT,GREEN LAKE 1,2007,2007-05-31,1250,7.39,54.2,322.79,NP,NP,0.0407,0.6977,421.507,37.0188,46.3249,10.2808,4.9643,13.6602,156.2955,u,58.5854,515.8698,497.7101,0.0179,13.943,14.4802,u,0.1223,14.3579,u,u,u,u,u,-15.3665,0.0319,-114.1018,0.1267,8.8306,NP,NP,NP,0.8068,NP,NA
NWT,GREEN LAKE 1,2007,2007-06-14,835,7.21,51.1,298.2,NP,NP,0.0617,0.5118,397.2555,33.5637,44.759,10.1785,4.1181,14.1763,156.3164,u,55.1882,486.3301,472.8108,0.0141,20.3337,20.9982,u,6.3102,14.6881,0.1033,u,0.1033,u,u,-15.348,0.0458,-115.3068,0.0373,7.4771,NP,NP,NP,0.7571,NP,NA
NWT,GREEN LAKE 1,2007,2007-06-21,830,7.33,51.1,293.87,NP,NP,0.0468,0.3937,394.3613,33.2346,45.4549,10.1018,4.8515,13.5151,152.4022,u,54.1343,483.5931,464.6388,0.02,17.4846,18.3379,u,4.4291,13.9088,0.0517,u,0.0517,u,u,-15.4131,0.0498,-116.2142,0.1459,7.0904,NP,NP,NP,0.7814,NP,NA
NWT,GREEN LAKE 1,2007,2007-06-28,844,7.37,51.7,290.27,NP,NP,0.0427,0.571,378.9421,32.9878,44.846,9.7693,5.2746,11.9023,144.8237,u,52.9197,467.1589,452.2706,0.0162,16.5733,15.1777,1.3956,2.7044,12.4733,u,u,u,u,u,-15.572,0.0068,-116.1519,0.167,8.4244,NP,NP,NP,0.6612,NP,NA
NWT,GREEN LAKE 1,2007,2007-07-05,1300,7.3,51,288.52,NP,NP,0.0501,1.0095,378.0439,32.9878,44.5415,9.7949,4.1463,12.1281,147.0307,u,52.2273,466.4278,451.8251,0.0159,15.4717,15.3765,0.0952,2.2389,13.1376,u,u,u,u,u,-15.5571,0.0643,-115.7933,0.1336,8.6633,NP,NP,NP,0.727,NP,NA
NWT,GREEN LAKE 1,2007,2007-07-12,1305,7.28,51.1,290.53,NP,NP,0.0525,0.8717,382.8343,33.5637,45.1505,10.2041,4.4284,12.2732,146.3436,u,53.2555,472.6767,453.5752,0.0206,17.5194,17.9275,u,4.7826,13.1449,u,u,u,u,u,-15.6588,0.011,-117.0258,0.0846,8.245,NP,NP,NP,0.3215,NP,NA
NWT,GREEN LAKE 1,2007,2007-07-19,1310,7.4,50.8,297.1,NP,NP,0.0398,0.584,359.0818,33.3169,46.3249,10.869,4.3438,11.1765,145.4692,u,49.1121,450.2164,458.0895,-0.0087,16.5584,13.6132,2.9452,1.8527,11.7605,u,u,u,u,u,-15.432,0.0277,-116.2433,0.2279,7.2126,NP,NP,NP,0.6509,NP,NA
NWT,GREEN LAKE 1,2007,2007-07-26,1340,7.38,51.1,303.21,NP,NP,0.0417,0.805,353.6926,32.5765,46.3249,11.2015,4.5694,9.8863,140.285,u,46.5314,444.6422,457.9507,-0.0147,14.1692,12.828,1.3412,2.1366,10.6914,u,u,u,u,u,-15.4099,0.0526,-116.1453,0.0818,7.1339,NP,NP,NP,0.5908,NP,NA
NWT,GREEN LAKE 1,2007,2007-08-02,1335,7.36,50.5,298.78,NP,NP,0.0437,0.4406,389.6707,33.8105,44.1935,10.2552,4.0899,10.8379,144.1575,u,46.678,478.4141,457.8653,0.0219,13.3058,10.7566,2.5492,u,11.2784,u,u,u,u,u,-15.2838,0.0222,-114.8939,0.1261,7.3762,NP,NP,NP,0.7064,NP,NA
NWT,GREEN LAKE 1,2007,2007-08-09,1305,7.43,50.9,308.35,NP,NP,0.0372,trace,389.2715,34.4686,44.759,10.9457,3.3848,10.5314,141.9089,u,48.8265,479.4819,464.1751,0.0162,13.2768,12.0864,1.1904,1.5549,10.5314,u,u,u,u,u,-15.2115,0.0632,-114.2636,0.2594,7.4286,NP,NP,NP,0.6802,NP,NA
NWT,GREEN LAKE 1,2007,2007-08-16,1335,7.26,52.3,318.42,NP,NP,0.055,trace,404.3413,35.538,45.5419,10.869,4.1463,10.8379,143.408,u,49.7506,496.3452,476.8122,0.0201,15.7405,15.3873,0.3533,4.5494,10.8379,u,u,u,u,u,-15.0641,0.0213,-113.702,0.2766,6.8107,NP,NP,NP,0.6385,NP,NA
NWT,GREEN LAKE 1,2007,2007-08-23,1330,7.38,54.6,352.44,NP,NP,0.0417,0.5266,427.6447,39.1576,48.7608,12.429,5.3028,11.9023,140.285,u,56.0712,528.5604,509.9301,0.0179,16.3677,13.9897,2.378,1.5608,12.4289,0.0355,u,0.0355,u,u,-14.7918,0.0725,-112.1319,0.0668,6.2021,NP,NP,NP,0.6095,NP,NA
NWT,GREEN LAKE 1,2007,2007-08-30,1310,7.32,50.5,330.4,NP,NP,0.0479,0.842,397.0559,35.7848,48.4563,11.9431,5.331,5.2576,138.5986,u,42.2104,494.1299,479.5872,0.0149,19.5932,12.0979,7.4953,5.9983,6.0996,0.0355,u,0.0355,u,u,-14.5598,0.0017,-110.6586,0.1574,5.8195,NP,NP,NP,0.9,NP,NA
NWT,GREEN LAKE 1,2007,2007-09-07,1515,7.51,53.7,362.05,NP,NP,0.0309,0.4249,427.3952,39.1576,49.4132,12.5569,4.0053,7.2414,142.9291,u,51.7447,528.9788,516.2258,0.0122,10.0032,10.4768,u,2.8105,7.6663,u,u,u,u,u,-14.6308,0.0332,-109.7819,0.1357,7.2649,NP,NP,NP,0.7303,NP,NA
NWT,GREEN LAKE 1,2007,2007-09-13,1315,7.4,55,382.19,NP,NP,0.0398,0.7051,429.6906,38.2527,49.8917,12.4802,4.0053,7.2252,141.3468,u,52.8019,531.0601,534.7673,-0.0035,11.399,12.3003,u,4.3699,7.9303,u,u,u,u,u,-14.4186,0.0287,-109.0372,0.1536,6.3117,NP,NP,NP,0.7063,NP,NA
NWT,GREEN LAKE 1,2007,2007-09-20,1330,7.45,51.6,341.55,NP,NP,0.0355,u,424.9501,37.4301,48.2388,11.3293,4.5976,6.8382,145.136,u,43.0604,521.9838,498.1218,0.0234,11.16,9.1531,2.0069,2.315,6.8382,0.0743,u,0.0743,u,u,-14.1377,0.066,-107.458,0.0505,5.6438,NP,NP,NP,1.1144,NP,NA
NWT,GREEN LAKE 1,2007,2007-09-27,1330,7.64,58.6,422.52,NP,NP,0.0229,0.7534,502.2455,44.4225,50.2832,12.7615,4.231,8.2252,137.9115,u,64.2468,610.489,572.8876,0.0318,16.9543,12.4414,4.5129,3.4628,8.9786,0.0613,0.0517,0.0097,0.0517,u,-14.3176,0.0711,-107.508,0.1082,7.0325,NP,NP,NP,0.5908,NP,NA
NWT,GREEN LAKE 1,2007,2007-10-04,1305,7.44,51.3,338.71,NP,NP,0.0363,1.0514,420.8084,37.0188,47.9343,11.3038,3.8643,2.645,144.8446,u,28.9126,518.1529,490.0638,0.0279,6.7695,6.9667,u,3.2704,3.6963,0.0775,0.0678,0.0097,0.0678,u,-13.7468,0.08,-105.9448,0.1213,4.0296,NP,NP,NP,1.0894,NP,NA
NWT,GREEN LAKE 1,2007,2007-10-11,1215,7.51,51.9,341.92,NP,NP,0.0309,0.6683,425.3493,37.101,48.2823,10.9713,4.3156,3.0643,148.1133,u,27.335,522.4031,497.4131,0.0245,8.1306,8.0503,0.0803,4.3178,3.7325,u,u,u,u,u,-13.6225,0.0645,-104.8718,0.1271,4.1081,NP,NP,NP,0.9318,NP,NA
NWT,GREEN LAKE 1,2008,2008-06-12,1305,7.14,52.1,314.72,NP,NP,0.0724,u,399.3933,37.5888,44.8173,10.088,4.1745,12.2087,160.4179,0.2906,23.2463,491.9598,491.8117,0.0002,16.6458,15.2708,1.3751,3.0621,12.2087,0.1065,0.0904,0.0161,u,0.0969,-15.2305,0.0554,-114.3741,0.1081,7.4699,NP,NP,NP,1.114,NP,NA
NWT,GREEN LAKE 1,2008,2008-06-19,1515,7.19,51.6,305.53,NP,NP,0.0646,u,397.8393,37.1829,45.8383,9.9409,4.2592,13.3538,159.9599,u,25.326,490.866,483.1028,0.008,18.6244,17.563,1.0613,4.2092,13.3538,0.1001,u,0.1001,u,u,-14.5227,0.0481,-112.2658,0.0198,3.916,NP,NP,NP,0.848,NP,NA
NWT,GREEN LAKE 1,2008,2008-06-26,1440,6.93,49.1,295.92,NP,NP,0.1175,u,368.3134,33.5759,44.5263,9.9409,3.9489,13.4667,155.3795,u,28.027,456.474,468.715,-0.0132,15.4783,16.0352,u,2.5685,13.4667,0.1162,0.0775,0.0387,0.0775,u,-15.6142,0.0344,-117.6893,0.0426,7.2247,NP,NP,NP,1.171,NP,NA
NWT,GREEN LAKE 1,2008,2008-07-03,1347,7.09,48.7,282.43,NP,NP,0.0813,u,366.7594,32.6578,41.3227,9.4995,3.0745,12.2894,148.0508,u,27.6444,450.3206,445.8447,0.005,19.2444,19.5863,u,7.2969,12.2894,0.1098,u,0.1098,u,u,-15.7846,0.039,-119.3132,0.0738,6.9632,NP,NP,NP,0.9622,NP,NA
NWT,GREEN LAKE 1,2008,2008-07-10,1345,7.44,47.5,283.25,NP,NP,0.0363,u,362.8744,32.2498,43.366,9.2578,5.19,11.0153,145.3442,u,26.6543,447.7843,444.7995,0.0033,16.8705,14.4217,2.4488,3.4064,11.0153,0.226,u,0.226,u,u,-15.9394,0.0339,-119.2596,0.1878,8.2558,NP,NP,NP,0.911,NP,NA
NWT,GREEN LAKE 1,2008,2008-07-17,1430,6.96,47.4,284.58,NP,NP,0.1096,u,358.9894,32.7598,42.2579,9.9409,5.7541,8.6929,144.0534,0.2906,28.1471,444.0576,443.3709,0.0008,17.0418,14.4145,2.6273,5.7217,8.6929,0.1388,0.1098,0.0291,0.0129,0.0969,-16.0015,0.0433,-119.3356,0.0929,8.6762,NP,NP,NP,1.081,NP,NA
NWT,GREEN LAKE 1,2008,2008-07-24,1510,7.33,45.3,276.9,NP,NP,0.0468,u,349.6654,31.8417,44.5162,9.9409,3.3284,6.1124,140.6389,0.2906,27.7649,436.011,427.2703,0.0101,15.343,11.1989,4.1442,5.0864,6.1124,0.1517,0.1162,0.0355,0.0194,0.0969,-15.4791,0.0517,-118.0308,0.0236,5.8022,NP,NP,NP,0.8643,NP,NA
NWT,GREEN LAKE 1,2008,2008-07-31,1500,7.26,46.3,288.19,NP,NP,0.055,u,355.1044,32.2316,44.3023,9.6466,3.6386,8.0961,140.6389,u,32.306,441.3397,440.5637,0.0009,12.4435,13.7943,u,5.6981,8.0961,u,u,u,u,u,-16.039,0.0204,-120.7562,0.0442,7.5555,NP,NP,NP,0.8728,NP,NA
NWT,GREEN LAKE 1,2008,2008-08-07,1210,7.21,46.2,282.4,NP,NP,0.0617,u,348.1114,31.9088,42.8204,9.9409,3.8643,4.5319,139.9519,u,27.368,432.8432,430.748,0.0024,12.494,10.2808,2.2132,5.7489,4.5319,0.1162,0.0904,0.0258,0.0904,u,-15.9107,0.0592,-120.0645,0.1602,7.221,NP,NP,NP,0.9577,NP,NA
NWT,GREEN LAKE 1,2008,2008-08-14,1510,6.94,46.9,275.33,NP,NP,0.1148,1.8563,348.9557,31.4785,42.1056,6.9983,3.4412,5.2899,140.3266,0.4843,34.7527,431.5093,424.872,0.0078,15.921,11.3191,4.6019,4.1729,7.1462,0.2518,0.1517,0.1001,u,0.1614,-15.9346,0.0297,-119.9781,0.1842,7.4984,NP,NP,NP,0.9316,NP,NA
NWT,GREEN LAKE 1,2008,2008-08-21,1345,7.03,46.6,305.85,NP,NP,0.0933,1.2851,348.8884,31.4785,43.1025,9.7937,3.2155,5.1125,138.7235,u,31.1152,434.6415,452.9015,-0.0206,14.7072,9.0944,5.6128,2.6968,6.3976,0.2034,0.1195,0.0839,0.1195,u,-15.8278,0.0308,-119.7984,0.2482,6.8241,NP,NP,NP,1.137,NP,NA
NWT,GREEN LAKE 1,2008,2008-08-28,1445,7.06,47.6,301.13,NP,NP,0.0871,1.2851,359.9107,32.2316,43.7368,9.6609,4.4002,5.4512,138.8276,u,33.0587,446.9122,449.809,-0.0032,13.6363,12.9224,0.7139,6.1861,6.7363,u,u,u,u,u,-15.736,0.0272,-119.027,0.2644,6.861,NP,NP,NP,1.079,NP,NA
NWT,GREEN LAKE 1,2008,2008-09-04,1320,7.13,46.4,294.43,NP,NP,0.0741,u,357.5632,32.5543,44.5162,9.7795,3.5822,5.2093,138.2446,u,31.5765,444.4874,441.4661,0.0034,11.2161,11.6801,u,6.4709,5.2093,0.0904,u,0.0904,u,u,-14.7183,0.035,-115.5622,0.148,2.1839,NP,NP,NP,1.113,NP,NA
NWT,GREEN LAKE 1,2008,2008-09-18,1340,7.16,53.8,376.54,NP,NP,0.0692,u,417.0332,40.2999,46.3631,10.6648,4.513,11.112,134.8926,u,53.3377,514.4302,527.0577,-0.0121,20.0745,18.7744,1.3,7.6624,11.112,0.4649,0.0904,0.3745,0.0904,u,-15.2528,0.0256,-116.4016,0.1245,5.6209,NP,NP,NP,1.2323,NP,NA
NWT,GREEN LAKE 1,2008,2008-10-03,1250,7.23,57,431.39,NP,NP,0.0589,u,442.0732,44.8181,51.0566,12.7359,4.2592,10.7088,131.1867,u,64.4481,550.7428,577.5446,-0.0238,12.9938,13.4935,u,2.7847,10.7088,0.0904,0.0904,u,0.0904,u,-15.12,0.0689,-115.2118,0.2702,5.748,NP,NP,NP,1.5943,NP,NA
NWT,GREEN LAKE 1,2008,2008-10-16,1245,6.95,50,321.3,NP,NP,0.1122,0.6425,385.5478,36.7498,46.309,10.2976,4.4002,6.1285,136.9746,u,36.7515,479.659,468.8033,0.0114,12.4226,11.2803,1.1423,4.5092,6.7711,0.0936,0.0872,0.0065,0.0872,u,-14.9151,0.03,-113.7988,0.2797,5.5218,NP,NP,NP,1.8818,NP,NA
NWT,GREEN LAKE 1,2008,2008-10-30,1330,7.16,50,320.56,NP,NP,0.0692,0.9281,390.4482,35.9968,46.432,9.5631,4.9643,6.5479,141.5134,0.1937,34.2261,483.4374,473.7793,0.0101,12.9224,12.2798,0.6425,4.8038,7.476,0.113,0.1001,0.0129,0.0355,0.0646,-14.8105,0.085,-113.1111,0.2932,5.3726,NP,NP,NP,1.058,NP,NA
NWT,GREEN LAKE 1,2008,2008-11-19,1430,7.16,50.5,333.52,NP,NP,0.0692,0.9995,409.2908,38.7938,48.7808,10.599,4.7387,7.4994,149.654,0.2906,36.7766,508.533,495.7026,0.0128,13.2794,11.5659,1.7135,3.067,8.4989,0.2421,0.155,0.0872,0.0581,0.0969,-14.8888,0.065,-114.0706,0.4129,5.04,NP,NP,NP,1.575,NP,NA
NWT,GREEN LAKE 1,2009,2009-06-11,1300,7.09,48.8,279.87,NP,NP,0.0813,u,372.5793,32.7019,40.5459,8.8511,4.7105,11.4185,143.5954,u,40.732,454.7595,439.5943,0.017,NP,17.1347,NP,5.7162,11.4185,NP,0.0388,NP,0.0388,u,-15.8942,0.0309,-119.3162,0.2202,7.8373,NP,NP,NP,1.966,NP,NA
NWT,GREEN LAKE 1,2009,2009-06-25,825,6.98,47.1,283,NP,NP,0.1047,1.0568,371.1085,31.3479,41.8271,8.7372,4.2874,10.6766,140.0768,u,41.8867,454.1821,438.0407,0.0181,NP,14.2789,NP,2.5456,11.7333,NP,u,NP,u,u,-16.2128,0.0664,-120.999,0.1429,8.7037,NP,NP,NP,1.0962,NP,NA
NWT,GREEN LAKE 1,2009,2009-07-09,815,7.19,47.8,270.93,NP,NP,0.0646,1.9009,351.8558,30.6709,41.8271,9.0349,4.8233,8.5316,135.4964,0.0678,45.2059,435.3542,419.8491,0.0181,NP,13.6263,NP,3.1938,10.4325,NP,0.0355,NP,0.0129,0.0226,-16.293,0.113,-122.136,0.204,8.208,NP,NP,NP,1.5704,NP,NA
NWT,GREEN LAKE 1,2009,2009-07-23,1340,7,45.5,285.02,NP,NP,0.1,1.8213,348.1038,30.6709,41.8271,9.6159,4.5412,7.2091,134.2056,u,47.8365,432.139,430.9759,0.0013,NP,14.5719,NP,5.5415,9.0304,NP,u,NP,u,u,-16.2841,0.0808,-121.4823,0.2362,8.7902,NP,NP,NP,1.0623,NP,NA
NWT,GREEN LAKE 1,2009,2009-08-06,1345,7.1,44.8,279.45,NP,NP,0.0794,u,363.4166,30.6683,42.4971,10.8255,3.7232,9.596,130.5829,u,49.8664,447.487,423.3521,0.0277,NP,13.8216,NP,4.2256,9.596,NP,0.0652,NP,0.0652,u,-16.0628,0.0673,-120.8797,0.0613,7.6223,NP,NP,NP,1.1877,NP,NA
NWT,GREEN LAKE 1,2009,2009-08-20,1325,7.38,46.3,299.33,NP,NP,0.0417,3.1495,369.1004,32.0585,46.3378,12.2244,7.1644,5.306,130.8327,0.0866,50.6108,462.9123,442.7198,0.0223,NP,16.0637,NP,7.6082,8.4555,NP,0.0724,NP,0.0435,0.0289,-15.7796,0.044,-119.9536,0.2339,6.2828,NP,NP,NP,1.5397,NP,NA
NWT,GREEN LAKE 1,2009,2009-09-03,1240,7.55,46.9,302.34,NP,NP,0.0282,1.8824,375.1344,31.9583,44.3186,10.2041,4.7105,2.9353,128.022,u,50.147,463.526,438.0077,0.0283,NP,5.8186,NP,1.0009,4.8177,NP,u,NP,u,u,-15.4483,0.0344,-118.2342,0.0887,5.3525,NP,NP,NP,1.0816,NP,NA
NWT,GREEN LAKE 1,2009,2009-09-17,1400,7.42,57.3,407.93,NP,NP,0.038,0.6076,470.7717,44.1359,49.7551,12.9239,3.8643,8.6445,125.7735,0.0969,70.7856,578.2324,546.3091,0.0284,NP,10.3522,NP,1.1001,9.2521,NP,0.0904,NP,0.0581,0.0323,-15.4083,0.0501,-117.1289,0.2209,6.1377,NP,NP,NP,0.522,NP,NA
NWT,GREEN LAKE 1,2010,2010-09-24,1430,7.11,52.4,352.79,NP,NP,0.0776,u,422.8966,38.0537,44.8949,10.3831,3.3284,3.3707,130.7911,0.1259,45.8958,516.3059,490.406,0.0257,NP,9.3527,NP,5.982,3.3707,NP,0.1873,NP,0.1453,0.042,-14.7198,0.0683,-113.8457,0.2419,3.9129,NP,NP,NP,1.148,NP,NA
NWT,GREEN LAKE 1,2010,2010-10-07,1630,7.14,53.7,360.75,NP,NP,0.0724,u,441.4767,39.5283,46.6137,13.0062,1.9744,3.0804,131.4157,u,46.06,540.6973,497.2205,0.0419,NP,7.5678,NP,4.4874,3.0804,NP,0.014,NP,0.014,u,-14.5269,0.0474,-113.0491,0.2545,3.1659,NP,NP,NP,1.119,NP,NA